tucidides,00.00,00.30,01.00,01.30,02.00,02.30,03.00,04.30,05.00,06.30,07.00,07.30,08.00,08.30,09.00,09.30,10.00,10.30,11.00,12.30,13.00,13.30,14.00,14.30,15.00,15.30,16.00,16.30,17.00,17.30,18.00,18.30,19.00,19.30,20.00,21.30,22.00,22.30,23.00,23.30
10/04/2023,1.604,1.604,1.604,1.604,1.604,1.604,1.604,1.604,1.604,1.604,1.604,1.604,1.604,1.604,1.604,1.604,1.604,1.604,1.604,1.604,1.604,1.604,1.604,1.604,1.604,1.604,1.604,1.604,1.604,1.604,1.604,1.604,1.604,1.604,1.604,1.604,1.604,1.604,1.604,1.604
11/04/2023,1.604,1.604,1.604,1.604,1.604,1.604,1.604,1.604,1.604,1.594,1.594,1.594,1.594,1.594,1.594,1.594,1.594,1.594,1.594,1.594,1.594,1.594,1.594,1.594,1.594,1.594,1.594,1.594,1.594,1.594,1.594,1.594,1.594,1.594,1.594,1.594,1.594,1.594,1.594,1.594
14/04/2023,1.594,1.594,1.594,1.594,1.594,1.594,1.594,1.594,1.594,1.594,1.594,1.594,1.594,1.594,1.594,1.594,1.594,1.594,1.594,1.594,1.594,1.589,1.589,1.594,1.594,1.594,1.594,1.594,1.594,1.594,1.599,1.599,1.599,1.594,1.594,1.594,1.594,1.594,1.594,1.594
15/04/2023,1.594,1.594,1.594,1.594,1.594,1.589,1.589,1.589,1.589,1.589,1.589,1.589,1.589,1.589,1.589,1.589,1.589,1.589,1.589,1.594,1.594,1.594,1.594,1.589,1.589,1.589,1.589,1.589,1.589,1.589,1.589,1.594,1.594,1.594,1.594,1.589,1.589,1.589,1.589,1.589
16/04/2023,1.589,1.589,1.589,1.589,1.589,1.589,1.589,1.589,1.589,1.589,1.589,1.589,1.589,1.589,1.589,1.589,1.589,1.589,1.589,1.594,1.594,1.594,1.594,1.589,1.589,1.589,1.589,1.589,1.589,1.589,1.589,1.594,1.594,1.594,1.594,1.589,1.589,1.589,1.589,1.589
17/04/2023,1.589,1.589,1.589,1.589,1.589,1.589,1.589,1.589,1.589,1.589,1.589,1.589,1.589,1.589,1.589,1.589,1.589,1.589,1.589,1.589,1.589,1.589,1.589,1.589,1.589,1.589,1.589,1.589,1.589,1.589,1.594,1.594,1.594,1.589,1.589,1.589,1.589,1.589,1.589,1.589
18/04/2023,1.589,1.589,1.589,1.589,1.589,1.589,1.589,1.589,1.589,1.589,1.589,1.589,1.589,1.589,1.589,1.589,1.589,1.589,1.589,1.589,1.589,1.589,1.589,1.589,1.589,1.589,1.589,1.589,1.589,1.589,1.594,1.594,1.594,1.589,1.589,1.589,1.589,1.589,1.589,1.589
19/04/2023,1.589,1.589,1.589,1.589,1.589,1.589,1.589,1.589,1.589,1.589,1.589,1.589,1.589,1.589,1.589,1.589,1.589,1.589,1.589,1.589,1.589,1.589,1.589,1.589,1.589,1.589,1.589,1.589,1.589,1.589,1.589,1.594,1.594,1.594,1.589,1.589,1.589,1.589,1.589,1.589
20/04/2023,1.589,1.589,1.589,1.589,1.589,1.589,1.589,1.589,1.589,1.589,1.589,1.589,1.589,1.589,1.589,1.589,1.589,1.589,1.589,1.589,1.589,1.589,1.589,1.589,1.589,1.589,1.589,1.589,1.589,1.589,1.594,1.594,1.594,1.589,1.589,1.589,1.589,1.589,1.589,1.589
21/04/2023,1.589,1.589,1.589,1.589,1.589,1.589,1.589,1.589,1.589,1.589,1.589,1.589,1.589,1.589,1.589,1.589,1.589,1.589,1.589,1.589,1.589,1.589,1.589,1.594,1.594,1.594,1.594,1.594,1.594,1.594,1.599,1.599,1.599,1.594,1.594,1.594,1.594,1.594,1.594,1.594
22/04/2023,1.594,1.594,1.594,1.594,1.594,1.594,1.589,1.589,1.589,1.589,1.589,1.589,1.589,1.589,1.589,1.589,1.589,1.589,1.589,1.594,1.594,1.594,1.594,1.589,1.589,1.589,1.589,1.589,1.589,1.589,1.589,1.594,1.594,1.594,1.594,1.589,1.589,1.589,1.589,1.589
23/04/2023,1.589,1.589,1.589,1.589,1.589,1.589,1.589,1.589,1.589,1.589,1.589,1.589,1.589,1.589,1.589,1.589,1.589,1.589,1.589,1.594,1.594,1.594,1.594,1.589,1.589,1.589,1.589,1.589,1.589,1.589,1.589,1.594,1.594,1.594,1.594,1.589,1.589,1.589,1.589,1.589
24/04/2023,1.589,1.589,1.589,1.589,1.589,1.589,1.589,1.589,1.589,1.589,1.589,1.589,1.589,1.589,1.589,1.589,1.589,1.589,1.589,1.589,1.589,1.589,1.589,1.589,1.589,1.589,1.589,1.589,1.589,1.589,1.594,1.594,1.594,1.589,1.589,1.589,1.589,1.589,1.589,1.589
25/04/2023,1.589,1.589,1.589,1.589,1.589,1.589,1.589,1.589,1.589,1.589,1.589,1.589,1.589,1.589,1.589,1.589,1.589,1.589,1.589,1.589,1.589,1.589,1.589,1.589,1.589,1.589,1.589,1.589,1.589,1.589,1.594,1.594,1.594,1.589,1.589,1.589,1.589,1.589,1.589,1.589
26/04/2023,1.589,1.589,1.589,1.589,1.589,1.589,1.589,1.589,1.589,1.589,1.589,1.589,1.589,1.589,1.589,1.589,1.589,1.589,1.589,1.579,1.579,1.579,1.579,1.579,1.579,1.579,1.579,1.579,1.579,1.579,1.579,1.584,1.584,1.584,1.579,1.579,1.579,1.579,1.579,1.579
27/04/2023,1.579,1.579,1.579,1.579,1.579,1.579,1.579,1.579,1.579,1.579,1.579,1.579,1.579,1.579,1.579,1.579,1.579,1.579,1.579,1.579,1.579,1.579,1.579,1.579,1.579,1.579,1.579,1.579,1.579,1.579,1.584,1.584,1.584,1.579,1.579,1.579,1.579,1.579,1.579,1.579
28/04/2023,1.579,1.579,1.579,1.579,1.579,1.579,1.579,1.579,1.579,1.579,1.579,1.579,1.579,1.579,1.579,1.579,1.579,1.579,1.579,1.589,1.589,1.589,1.589,1.589,1.589,1.589,1.589,1.589,1.589,1.589,1.589,1.589,1.589,1.589,1.589,1.589,1.589,1.589,1.589,1.589
29/04/2023,1.589,1.589,1.589,1.589,1.589,1.579,1.579,1.579,1.579,1.579,1.579,1.579,1.579,1.579,1.579,1.579,1.579,1.579,1.579,1.579,1.579,1.579,1.579,1.579,1.579,1.579,1.579,1.579,1.579,1.579,1.579,1.579,1.579,1.579,1.579,1.579,1.579,1.579,1.579,1.579
30/04/2023,1.579,1.579,1.579,1.579,1.579,1.579,1.579,1.579,1.579,1.579,1.579,1.579,1.579,1.579,1.579,1.579,1.579,1.579,1.579,1.579,1.579,1.579,1.579,1.579,1.579,1.579,1.579,1.579,1.579,1.579,1.579,1.579,1.579,1.579,1.579,1.579,1.579,1.579,1.579,1.579
01/05/2023,1.579,1.579,1.579,1.579,1.579,1.579,1.579,1.579,1.579,1.579,1.579,1.579,1.579,1.579,1.579,1.579,1.579,1.579,1.579,1.579,1.579,1.579,1.579,1.579,1.579,1.579,1.579,1.579,1.579,1.579,1.579,1.579,1.579,1.579,1.579,1.579,1.579,1.579,1.579,1.579
02/05/2023,1.579,1.579,1.579,1.579,1.579,1.579,1.579,1.579,1.579,1.579,1.579,1.579,1.579,1.579,1.579,1.579,1.579,1.579,1.579,1.579,1.579,1.579,1.579,1.579,1.579,1.579,1.579,1.579,1.579,1.579,1.579,1.579,1.579,1.579,1.579,1.579,1.579,1.579,1.579,1.579
03/05/2023,1.579,1.579,1.579,1.579,1.579,1.579,1.579,1.579,1.579,1.579,1.579,1.579,1.579,1.579,1.579,1.579,1.579,1.579,1.579,1.579,1.579,1.579,1.579,1.579,1.579,1.579,1.579,1.579,1.579,1.579,1.579,1.579,1.579,1.579,1.579,1.579,1.579,1.579,1.579,1.579
04/05/2023,1.579,1.579,1.579,1.579,1.579,1.579,1.579,1.579,1.579,1.579,1.579,1.579,1.579,1.579,1.579,1.579,1.579,1.579,1.579,1.579,1.579,1.579,1.579,1.579,1.579,1.579,1.579,1.579,1.579,1.579,1.584,1.584,1.584,1.579,1.579,1.579,1.579,1.579,1.579,1.579
05/05/2023,1.579,1.579,1.579,1.579,1.579,1.579,1.579,1.579,1.579,1.579,1.579,1.579,1.579,1.579,1.579,1.579,1.579,1.579,1.579,1.579,1.579,1.579,1.579,1.584,1.584,1.584,1.584,1.584,1.584,1.584,1.589,1.589,1.589,1.584,1.584,1.584,1.584,1.584,1.584,1.584
06/05/2023,1.584,1.584,1.584,1.584,1.584,1.584,1.584,1.584,1.584,1.579,1.579,1.579,1.579,1.579,1.579,1.579,1.579,1.579,1.579,1.584,1.584,1.584,1.584,1.579,1.579,1.579,1.579,1.579,1.579,1.579,1.579,1.584,1.584,1.584,1.584,1.579,1.579,1.579,1.579,1.579
07/05/2023,1.579,1.579,1.579,1.579,1.579,1.579,1.579,1.579,1.579,1.579,1.579,1.579,1.579,1.579,1.579,1.579,1.579,1.579,1.579,1.584,1.584,1.584,1.584,1.579,1.579,1.579,1.579,1.579,1.579,1.579,1.579,1.584,1.584,1.584,1.584,1.579,1.579,1.579,1.579,1.579
08/05/2023,1.579,1.579,1.579,1.579,1.579,1.579,1.579,1.579,1.579,1.579,1.579,1.579,1.579,1.579,1.579,1.579,1.579,1.579,1.579,1.579,1.579,1.579,1.579,1.579,1.579,1.579,1.579,1.579,1.579,1.579,1.584,1.584,1.584,1.579,1.579,1.579,1.579,1.579,1.579,1.579
09/05/2023,1.579,1.579,1.579,1.579,1.579,1.579,1.579,1.579,1.579,1.579,1.579,1.579,1.579,1.579,1.579,1.579,1.579,1.579,1.579,1.579,1.579,1.579,1.579,1.579,1.579,1.579,1.579,1.579,1.579,1.579,1.584,1.584,1.584,1.579,1.579,1.579,1.579,1.579,1.579,1.579
10/05/2023,1.579,1.579,1.579,1.579,1.579,1.579,1.579,1.579,1.579,1.579,1.579,1.579,1.579,1.579,1.579,1.579,1.579,1.569,1.569,1.569,1.569,1.569,1.569,1.569,1.569,1.569,1.569,1.569,1.569,1.569,1.569,1.574,1.574,1.574,1.569,1.569,1.569,1.569,1.569,1.569
11/05/2023,1.569,1.569,1.569,1.569,1.569,1.569,1.569,1.569,1.569,1.569,1.569,1.569,1.569,1.569,1.569,1.569,1.569,1.569,1.569,1.569,1.569,1.569,1.569,1.569,1.579,1.579,1.579,1.579,1.579,1.579,1.584,1.584,1.584,1.579,1.579,1.579,1.579,1.579,1.579,1.579
12/05/2023,1.579,1.579,1.579,1.579,1.579,1.569,1.569,1.569,1.569,1.569,1.569,1.569,1.569,1.569,1.569,1.569,1.569,1.569,1.569,1.569,1.569,1.569,1.569,1.574,1.574,1.574,1.574,1.574,1.574,1.574,1.579,1.579,1.579,1.574,1.574,1.574,1.574,1.574,1.574,1.574
13/05/2023,1.574,1.574,1.574,1.574,1.574,1.569,1.569,1.569,1.569,1.569,1.569,1.569,1.569,1.569,1.569,1.569,1.569,1.569,1.569,1.574,1.574,1.574,1.574,1.569,1.569,1.569,1.569,1.569,1.569,1.569,1.569,1.574,1.574,1.574,1.574,1.569,1.569,1.569,1.569,1.569
14/05/2023,1.569,1.569,1.569,1.569,1.569,1.569,1.569,1.569,1.569,1.569,1.569,1.569,1.569,1.569,1.569,1.569,1.569,1.569,1.569,1.574,1.574,1.574,1.574,1.574,1.574,1.574,1.574,1.574,1.574,1.574,1.574,1.574,1.574,1.574,1.574,1.569,1.569,1.569,1.569,1.569
15/05/2023,1.569,1.569,1.569,1.569,1.569,1.569,1.569,1.569,1.569,1.569,1.569,1.569,1.569,1.569,1.569,1.569,1.569,1.569,1.569,1.574,1.569,1.569,1.569,1.569,1.569,1.569,1.569,1.569,1.569,1.569,1.574,1.574,1.574,1.569,1.569,1.569,1.569,1.569,1.569,1.569
16/05/2023,1.569,1.569,1.569,1.569,1.569,1.569,1.569,1.569,1.569,1.569,1.569,1.569,1.569,1.569,1.569,1.569,1.569,1.569,1.574,1.569,1.569,1.569,1.569,1.569,1.569,1.569,1.569,1.569,1.569,1.569,1.574,1.574,1.574,1.574,1.569,1.569,1.569,1.569,1.569,1.569
17/05/2023,1.569,1.569,1.569,1.569,1.569,1.569,1.569,1.569,1.569,1.569,1.569,1.569,1.569,1.569,1.569,1.569,1.569,1.569,1.574,1.569,1.569,1.569,1.569,1.569,1.569,1.569,1.569,1.569,1.569,1.569,1.569,1.574,1.574,1.574,1.569,1.569,1.569,1.569,1.569,1.569
18/05/2023,1.569,1.569,1.569,1.569,1.569,1.569,1.569,1.569,1.569,1.569,1.569,1.569,1.569,1.569,1.569,1.569,1.569,1.569,1.574,1.569,1.569,1.569,1.569,1.579,1.579,1.579,1.579,1.579,1.579,1.579,1.579,1.579,1.584,1.579,1.579,1.579,1.579,1.579,1.579,1.579
19/05/2023,1.579,1.579,1.579,1.579,1.579,1.569,1.569,1.569,1.569,1.569,1.569,1.569,1.569,1.569,1.569,1.569,1.569,1.569,1.569,1.579,1.574,1.574,1.574,1.569,1.569,1.569,1.569,1.569,1.569,1.569,1.574,1.574,1.574,1.569,1.569,1.569,1.569,1.569,1.569,1.569
20/05/2023,1.569,1.569,1.569,1.569,1.569,1.569,1.569,1.569,1.569,1.569,1.569,1.569,1.569,1.569,1.569,1.569,1.569,1.569,1.569,1.574,1.574,1.574,1.574,1.569,1.569,1.569,1.569,1.569,1.569,1.569,1.569,1.574,1.574,1.574,1.574,1.569,1.569,1.569,1.569,1.569
21/05/2023,1.569,1.569,1.569,1.569,1.569,1.569,1.569,1.569,1.569,1.569,1.569,1.569,1.569,1.569,1.569,1.569,1.569,1.569,1.569,1.574,1.574,1.574,1.574,1.569,1.569,1.569,1.569,1.569,1.569,1.569,1.569,1.569,1.569,1.574,1.574,1.569,1.569,1.569,1.569,1.569
22/05/2023,1.569,1.569,1.569,1.569,1.569,1.569,1.569,1.569,1.569,1.569,1.569,1.569,1.569,1.569,1.569,1.569,1.569,1.569,1.569,1.574,1.569,1.569,1.569,1.569,1.569,1.569,1.569,1.569,1.569,1.569,1.574,1.574,1.574,1.569,1.569,1.569,1.569,1.569,1.569,1.569
23/05/2023,1.569,1.569,1.569,1.569,1.569,1.569,1.569,1.569,1.569,1.569,1.569,1.569,1.569,1.569,1.569,1.569,1.569,1.569,1.574,1.569,1.569,1.569,1.569,1.569,1.569,1.569,1.569,1.569,1.569,1.569,1.574,1.574,1.574,1.574,1.574,1.574,1.574,1.574,1.574,1.574
24/05/2023,1.574,1.574,1.574,1.574,1.574,1.574,1.574,1.574,1.574,1.574,1.574,1.574,1.574,1.574,1.574,1.574,1.574,1.559,1.564,1.559,1.559,1.559,1.559,1.559,1.559,1.559,1.559,1.559,1.559,1.559,1.559,1.564,1.564,1.564,1.559,1.559,1.559,1.559,1.559,1.559
25/05/2023,1.559,1.559,1.559,1.559,1.559,1.559,1.559,1.559,1.559,1.559,1.559,1.559,1.559,1.559,1.559,1.559,1.559,1.559,1.564,1.559,1.559,1.559,1.559,1.559,1.559,1.559,1.559,1.559,1.559,1.559,1.564,1.564,1.564,1.559,1.559,1.559,1.559,1.559,1.559,1.559
26/05/2023,1.559,1.559,1.559,1.559,1.559,1.559,1.559,1.559,1.559,1.559,1.559,1.559,1.559,1.559,1.559,1.559,1.559,1.559,1.559,1.564,1.559,1.559,1.559,1.564,1.564,1.564,1.564,1.564,1.564,1.564,1.569,1.569,1.569,1.564,1.564,1.564,1.564,1.564,1.564,1.564
27/05/2023,1.564,1.564,1.564,1.564,1.564,1.564,1.559,1.559,1.559,1.559,1.559,1.559,1.559,1.559,1.559,1.559,1.559,1.559,1.559,1.564,1.564,1.564,1.564,1.559,1.559,1.559,1.559,1.559,1.559,1.559,1.559,1.564,1.564,1.564,1.564,1.559,1.559,1.559,1.559,1.559
28/05/2023,1.559,1.559,1.559,1.559,1.559,1.559,1.559,1.559,1.559,1.559,1.559,1.559,1.559,1.559,1.559,1.559,1.559,1.559,1.559,1.564,1.564,1.564,1.564,1.559,1.559,1.559,1.559,1.559,1.559,1.559,1.559,1.564,1.564,1.564,1.564,1.559,1.559,1.559,1.559,1.559
29/05/2023,1.559,1.559,1.559,1.559,1.559,1.559,1.559,1.559,1.559,1.559,1.559,1.559,1.559,1.559,1.559,1.559,1.559,1.559,1.559,1.564,1.559,1.559,1.559,1.559,1.559,1.559,1.559,1.559,1.559,1.559,1.564,1.564,1.564,1.559,1.559,1.559,1.559,1.559,1.559,1.559
30/05/2023,1.559,1.559,1.559,1.559,1.559,1.559,1.559,1.559,1.559,1.559,1.559,1.559,1.559,1.559,1.559,1.559,1.559,1.559,1.564,1.559,1.559,1.559,1.559,1.559,1.559,1.559,1.559,1.559,1.559,1.559,1.564,1.564,1.564,1.559,1.559,1.559,1.559,1.559,1.559,1.559
31/05/2023,1.559,1.559,1.559,1.559,1.559,1.559,1.559,1.559,1.559,1.559,1.559,1.559,1.559,1.559,1.559,1.559,1.559,1.559,1.564,1.559,1.559,1.559,1.559,1.559,1.559,1.559,1.559,1.559,1.559,1.559,1.559,1.564,1.564,1.564,1.559,1.559,1.559,1.559,1.559,1.559
01/06/2023,1.559,1.559,1.559,1.559,1.559,1.559,1.559,1.559,1.559,1.559,1.559,1.559,1.559,1.559,1.559,1.559,1.559,1.559,1.564,1.559,1.559,1.559,1.559,1.559,1.559,1.559,1.559,1.559,1.559,1.559,1.564,1.564,1.564,1.559,1.559,1.559,1.559,1.559,1.559,1.559
02/06/2023,1.559,1.559,1.559,1.559,1.559,1.559,1.559,1.559,1.559,1.559,1.559,1.559,1.559,1.559,1.559,1.559,1.559,1.559,1.559,1.564,1.559,1.559,1.559,1.564,1.564,1.564,1.564,1.564,1.564,1.564,1.569,1.569,1.569,1.564,1.564,1.564,1.564,1.564,1.564,1.564
03/06/2023,1.564,1.564,1.564,1.564,1.564,1.559,1.559,1.559,1.559,1.559,1.559,1.559,1.559,1.559,1.559,1.559,1.559,1.559,1.559,1.564,1.564,1.564,1.564,1.559,1.559,1.559,1.559,1.559,1.559,1.559,1.559,1.559,1.559,1.559,1.564,1.564,1.564,1.564,1.564,1.564
04/06/2023,1.564,1.564,1.564,1.564,1.564,1.564,1.564,1.564,1.564,1.564,1.564,1.564,1.564,1.564,1.564,1.564,1.564,1.564,1.564,1.564,1.564,1.564,1.564,1.564,1.564,1.564,1.564,1.564,1.564,1.564,1.564,1.564,1.564,1.564,1.564,1.559,1.559,1.559,1.559,1.559
05/06/2023,1.559,1.559,1.559,1.559,1.559,1.559,1.559,1.559,1.559,1.559,1.559,1.559,1.559,1.559,1.559,1.559,1.559,1.559,1.559,1.559,1.559,1.559,1.559,1.559,1.559,1.559,1.559,1.559,1.559,1.559,1.564,1.564,1.564,1.559,1.559,1.559,1.559,1.559,1.559,1.559
06/06/2023,1.559,1.559,1.559,1.559,1.559,1.559,1.559,1.559,1.559,1.559,1.559,1.559,1.559,1.559,1.559,1.559,1.559,1.559,1.559,1.559,1.559,1.559,1.559,1.569,1.569,1.569,1.569,1.569,1.569,1.569,1.574,1.574,1.574,1.569,1.569,1.569,1.569,1.569,1.569,1.569
07/06/2023,1.569,1.569,1.569,1.569,1.569,1.559,1.559,1.559,1.559,1.559,1.559,1.559,1.559,1.559,1.559,1.559,1.559,1.559,1.559,1.559,1.559,1.559,1.559,1.559,1.559,1.559,1.559,1.559,1.559,1.559,1.559,1.564,1.564,1.564,1.559,1.559,1.559,1.559,1.559,1.559
08/06/2023,1.559,1.559,1.559,1.559,1.559,1.559,1.559,1.559,1.559,1.559,1.559,1.559,1.559,1.559,1.559,1.559,1.559,1.559,1.559,1.559,1.559,1.559,1.559,1.559,1.559,1.559,1.559,1.559,1.559,1.559,1.564,1.564,1.564,1.559,1.559,1.559,1.559,1.559,1.559,1.559
09/06/2023,1.559,1.559,1.559,1.559,1.559,1.559,1.559,1.559,1.559,1.559,1.559,1.559,1.559,1.559,1.559,1.559,1.559,1.559,1.559,1.559,1.559,1.559,1.559,1.559,1.559,1.559,1.559,1.559,1.559,1.559,1.564,1.564,1.564,1.559,1.559,1.559,1.559,1.559,1.559,1.559
10/06/2023,1.559,1.559,1.559,1.559,1.559,1.559,1.559,1.559,1.559,1.559,1.559,1.559,1.559,1.559,1.559,1.559,1.559,1.559,1.559,1.564,1.564,1.564,1.564,1.559,1.559,1.559,1.559,1.559,1.559,1.559,1.559,1.564,1.564,1.564,1.564,1.559,1.559,1.559,1.559,1.559
11/06/2023,1.559,1.559,1.559,1.559,1.559,1.559,1.559,1.559,1.559,1.559,1.559,1.559,1.559,1.559,1.559,1.559,1.559,1.559,1.559,1.564,1.564,1.564,1.564,1.559,1.559,1.559,1.559,1.559,1.559,1.559,1.559,1.564,1.564,1.564,1.564,1.559,1.559,1.559,1.559,1.559
12/06/2023,1.559,1.559,1.559,1.559,1.559,1.559,1.559,1.559,1.559,1.559,1.559,1.559,1.559,1.559,1.559,1.559,1.559,1.559,1.559,1.559,1.559,1.559,1.559,1.559,1.559,1.559,1.559,1.559,1.559,1.559,1.564,1.564,1.564,1.559,1.559,1.559,1.559,1.559,1.559,1.559
13/06/2023,1.559,1.559,1.559,1.559,1.559,1.559,1.559,1.559,1.559,1.559,1.559,1.559,1.559,1.559,1.559,1.559,1.559,1.559,1.559,1.559,1.559,1.559,1.559,1.559,1.559,1.559,1.559,1.559,1.559,1.559,1.564,1.564,1.564,1.559,1.559,1.559,1.559,1.559,1.559,1.559
14/06/2023,1.559,1.559,1.559,1.559,1.559,1.559,1.559,1.559,1.559,1.559,1.559,1.559,1.559,1.559,1.559,1.559,1.559,1.559,1.559,1.559,1.559,1.559,1.559,1.559,1.559,1.559,1.559,1.559,1.559,1.559,1.559,1.564,1.564,1.564,1.559,1.559,1.559,1.559,1.559,1.559
15/06/2023,1.559,1.559,1.559,1.559,1.559,1.559,1.559,1.559,1.559,1.559,1.559,1.559,1.559,1.559,1.559,1.559,1.559,1.559,1.559,1.559,1.559,1.559,1.559,1.559,1.559,1.559,1.559,1.559,1.559,1.559,1.564,1.564,1.564,1.559,1.559,1.559,1.559,1.559,1.559,1.559
16/06/2023,1.559,1.559,1.559,1.559,1.559,1.559,1.559,1.559,1.559,1.559,1.559,1.559,1.559,1.559,1.559,1.559,1.559,1.559,1.559,1.559,1.559,1.559,1.559,1.569,1.569,1.569,1.569,1.569,1.569,1.569,1.574,1.574,1.574,1.569,1.569,1.569,1.569,1.569,1.569,1.569
17/06/2023,1.569,1.569,1.569,1.569,1.569,1.559,1.559,1.559,1.559,1.559,1.559,1.559,1.559,1.559,1.559,1.559,1.559,1.559,1.559,1.564,1.564,1.564,1.564,1.559,1.559,1.559,1.559,1.559,1.559,1.559,1.559,1.564,1.564,1.564,1.564,1.559,1.559,1.559,1.559,1.559
18/06/2023,1.559,1.559,1.559,1.559,1.559,1.559,1.559,1.559,1.559,1.559,1.559,1.559,1.559,1.559,1.559,1.559,1.559,1.559,1.559,1.564,1.564,1.564,1.564,1.559,1.559,1.559,1.559,1.559,1.559,1.559,1.559,1.564,1.564,1.564,1.564,1.559,1.559,1.559,1.559,1.559
19/06/2023,1.559,1.559,1.559,1.559,1.559,1.559,1.559,1.559,1.559,1.559,1.559,1.559,1.559,1.559,1.559,1.559,1.559,1.559,1.559,1.559,1.559,1.559,1.559,1.569,1.569,1.569,1.569,1.569,1.569,1.569,1.574,1.574,1.574,1.569,1.569,1.569,1.569,1.569,1.569,1.569
20/06/2023,1.569,1.569,1.569,1.569,1.569,1.569,1.559,1.559,1.559,1.559,1.559,1.559,1.559,1.559,1.559,1.559,1.559,1.559,1.559,1.559,1.559,1.559,1.559,1.559,1.559,1.559,1.559,1.559,1.559,1.559,1.564,1.564,1.564,1.559,1.559,1.559,1.559,1.559,1.559,1.559
21/06/2023,1.559,1.559,1.559,1.559,1.559,1.559,1.559,1.559,1.559,1.559,1.559,1.559,1.559,1.559,1.559,1.559,1.559,1.559,1.559,1.559,1.559,1.559,1.559,1.559,1.559,1.559,1.559,1.559,1.559,1.559,1.559,1.564,1.564,1.564,1.559,1.559,1.559,1.559,1.559,1.559
22/06/2023,1.559,1.559,1.559,1.559,1.559,1.559,1.559,1.559,1.559,1.559,1.559,1.559,1.559,1.559,1.559,1.559,1.559,1.559,1.559,1.559,1.559,1.559,1.559,1.569,1.569,1.569,1.569,1.569,1.569,1.569,1.574,1.574,1.574,1.569,1.569,1.569,1.569,1.569,1.569,1.569
23/06/2023,1.569,1.569,1.569,1.569,1.569,1.559,1.559,1.559,1.559,1.559,1.559,1.559,1.559,1.559,1.559,1.559,1.559,1.559,1.559,1.559,1.559,1.559,1.559,1.564,1.564,1.564,1.564,1.564,1.564,1.564,1.569,1.569,1.569,1.564,1.564,1.564,1.564,1.564,1.564,1.564
24/06/2023,1.564,1.564,1.564,1.564,1.564,1.559,1.559,1.559,1.559,1.559,1.559,1.559,1.559,1.559,1.559,1.559,1.559,1.559,1.559,1.564,1.564,1.564,1.564,1.559,1.559,1.559,1.559,1.559,1.559,1.559,1.559,1.564,1.564,1.564,1.564,1.559,1.559,1.559,1.559,1.559
28/01/2024,1.534,1.534,1.534,1.534,1.534,1.534,1.534,1.534,1.534,1.534,1.534,1.534,1.534,1.534,1.534,1.534,1.534,1.534,1.534,1.534,1.534,1.534,1.529,1.529,1.529,1.529,1.529,1.529,1.529,1.529,1.529,1.529,1.534,1.534,1.534,1.529,1.529,1.529,1.529,1.529
29/01/2024,1.529,1.529,1.529,1.529,1.529,1.529,1.529,1.529,1.529,1.529,1.529,1.529,1.529,1.529,1.529,1.529,1.529,1.529,1.529,1.529,1.529,1.529,1.529,1.534,1.534,1.534,1.534,1.534,1.534,1.534,1.539,1.539,1.539,1.534,1.534,1.534,1.534,1.534,1.534,1.534
30/01/2024,1.534,1.534,1.534,1.534,1.534,1.529,1.529,1.529,1.529,1.529,1.529,1.529,1.529,1.529,1.529,1.529,1.529,1.529,1.529,1.529,1.529,1.529,1.529,1.529,1.529,1.529,1.529,1.529,1.529,1.529,1.534,1.534,1.534,1.529,1.529,1.529,1.529,1.529,1.529,1.529
31/01/2024,1.529,1.529,1.529,1.529,1.529,1.529,1.529,1.529,1.529,1.529,1.529,1.529,1.529,1.529,1.529,1.529,1.529,1.529,1.529,1.559,1.559,1.559,1.559,1.529,1.529,1.529,1.529,1.529,1.529,1.529,1.529,1.534,1.534,1.534,1.529,1.529,1.529,1.529,1.529,1.529
01/02/2024,1.529,1.529,1.529,1.529,1.529,1.529,,1.529,1.529,1.529,1.529,1.529,1.529,1.529,1.529,1.529,1.529,1.529,1.529,1.529,1.529,1.529,1.529,1.529,1.529,1.529,1.529,1.514,1.514,1.514,1.519,1.519,1.519,1.514,1.514,1.514,1.514,1.514,1.514,1.514
02/02/2024,1.514,1.514,1.514,1.514,1.514,1.514,1.514,1.514,1.514,1.514,1.514,1.514,1.514,1.514,1.514,1.514,1.514,1.514,1.514,1.514,1.514,1.514,1.514,1.514,1.514,1.514,1.514,1.514,1.514,1.519,1.519,1.519,1.519,1.514,1.514,1.514,1.514,1.514,1.514,1.514
03/02/2024,1.514,1.514,1.514,1.514,1.514,1.514,1.514,1.514,1.514,1.514,1.514,1.514,1.514,1.514,1.514,1.514,1.514,1.514,1.514,1.519,1.519,1.519,1.519,1.514,1.514,1.514,1.514,1.514,1.514,1.514,1.514,1.519,1.519,1.519,1.519,1.514,1.514,1.514,1.514,1.514
04/02/2024,1.514,1.514,1.514,1.514,1.514,1.514,1.514,1.514,1.514,1.514,1.514,1.514,1.514,1.514,1.514,1.514,1.514,1.514,1.514,1.519,1.519,1.519,1.519,1.514,1.514,1.514,1.514,1.514,1.514,1.514,1.514,1.519,1.519,1.519,1.519,1.514,1.514,1.514,1.514,1.514
05/02/2024,1.514,1.514,1.514,1.514,1.514,1.514,1.514,1.514,1.514,1.514,1.514,1.514,1.514,1.514,1.514,1.514,1.514,1.514,1.514,1.514,1.514,1.514,1.514,1.514,1.519,1.519,1.519,1.519,1.519,1.524,1.524,1.524,1.524,1.519,1.519,1.519,1.519,1.519,1.519,1.519
06/02/2024,1.519,1.519,1.519,1.519,1.519,1.519,1.519,1.519,1.519,1.519,1.519,1.519,1.519,1.519,1.519,1.519,1.519,1.519,1.519,1.519,1.519,1.519,1.519,1.519,1.519,1.519,1.519,1.519,1.519,1.519,1.524,1.524,1.524,1.519,1.519,1.519,1.519,1.519,1.519,1.519
07/02/2024,1.519,1.519,1.519,1.519,1.519,1.519,1.519,1.519,1.519,1.519,1.519,1.519,1.519,1.519,1.519,1.519,1.519,1.519,1.519,1.519,1.519,1.519,1.519,1.519,1.519,1.519,1.519,1.519,1.514,1.514,1.519,1.519,1.519,1.519,1.514,1.514,1.514,1.514,1.514,1.514
08/02/2024,1.514,1.514,1.514,1.514,1.514,1.514,1.514,1.514,1.514,1.514,1.514,1.514,1.514,1.514,1.514,1.514,1.514,1.514,1.514,1.514,1.514,1.514,1.514,1.514,1.514,1.514,1.514,1.514,1.514,1.514,1.519,1.519,1.519,1.514,1.514,1.514,1.514,1.514,1.514,1.514
09/02/2024,1.514,1.514,1.514,1.514,1.514,1.514,1.514,1.514,1.514,1.514,1.514,1.514,1.514,1.514,1.514,1.514,1.514,1.514,1.514,1.509,1.509,1.509,1.509,1.509,1.509,1.519,1.519,1.519,1.519,1.519,1.524,1.524,1.524,1.519,1.519,1.519,1.519,1.519,1.519,1.519
10/02/2024,1.519,1.519,1.519,1.519,1.519,1.519,1.519,1.519,1.519,1.519,1.519,1.519,1.519,1.519,1.519,1.519,1.519,1.519,1.519,1.524,1.524,1.524,1.524,1.519,1.519,1.519,1.519,1.519,1.519,1.519,1.519,1.524,1.524,1.524,1.524,1.519,1.519,1.519,1.519,1.519
11/02/2024,1.519,1.519,1.519,1.519,1.519,1.519,1.519,1.519,1.519,1.519,1.519,1.519,1.519,1.519,1.519,1.519,1.519,1.519,1.519,1.524,1.524,1.524,1.524,1.519,1.519,1.519,1.519,1.519,1.519,1.519,1.519,1.524,1.524,1.524,1.524,1.519,1.519,1.519,1.519,1.519
12/02/2024,1.519,1.519,1.519,1.519,1.519,1.519,1.519,1.519,1.519,1.519,1.519,1.519,1.519,1.519,1.519,1.519,1.519,1.519,1.519,1.519,1.519,1.519,1.519,1.519,1.519,1.519,1.519,1.519,1.519,1.524,1.524,1.524,1.524,1.519,1.519,1.519,1.519,1.519,1.519,1.519
13/02/2024,1.519,1.519,1.519,1.519,1.519,1.519,1.519,1.519,1.519,1.519,1.519,1.519,1.519,1.519,1.519,1.519,1.519,1.519,1.519,1.519,1.519,1.519,1.514,1.519,1.519,1.519,1.519,1.519,1.519,1.519,1.524,1.524,1.524,1.519,1.519,1.519,1.519,1.519,1.519,1.519
14/02/2024,1.519,1.519,1.519,1.519,1.519,1.519,1.519,1.519,1.519,1.519,1.519,1.519,1.519,1.519,1.519,1.519,1.519,1.519,1.519,1.519,1.519,1.519,1.519,1.519,1.519,1.519,1.519,1.519,1.519,1.519,1.519,1.524,1.524,1.519,1.519,1.519,1.519,1.519,1.519,1.519
15/02/2024,1.519,1.519,1.519,1.519,1.519,1.519,1.519,1.519,1.519,1.519,1.519,1.519,1.519,1.519,1.519,1.519,1.519,1.519,1.519,1.519,1.519,1.519,1.519,1.519,1.519,1.519,1.519,1.519,1.519,1.519,1.524,1.524,1.524,1.519,1.519,1.519,1.519,1.519,1.519,1.519
16/02/2024,1.519,1.519,1.519,1.519,1.519,1.519,1.519,1.519,1.519,1.519,1.519,1.519,1.519,1.519,1.519,1.519,1.519,1.519,1.519,1.519,1.519,1.519,1.519,1.519,1.519,1.519,1.519,1.519,1.519,1.519,1.524,1.524,1.524,1.519,1.519,1.519,1.519,1.519,1.519,1.519
17/02/2024,1.519,1.519,1.519,1.519,1.519,1.519,1.519,1.519,1.519,1.519,1.519,1.519,1.519,1.519,1.519,1.519,1.519,1.519,1.519,1.524,1.524,1.524,1.524,1.519,1.519,1.519,1.519,1.519,1.519,1.519,1.519,1.524,1.524,1.524,1.519,1.519,1.519,1.519,1.519,1.519
18/02/2024,1.519,1.519,1.519,1.519,1.519,1.519,1.519,1.519,1.519,1.519,1.519,1.519,1.519,1.519,1.519,1.519,1.519,1.519,1.519,1.524,1.524,1.524,1.524,1.519,1.519,1.519,1.519,1.519,1.519,1.519,1.519,1.524,1.524,1.524,1.524,1.519,1.519,1.519,1.519,1.519
19/02/2024,1.519,1.519,1.519,1.519,1.519,1.519,1.519,1.519,1.519,1.519,1.519,1.519,1.519,1.519,1.519,1.519,1.519,1.519,1.519,1.519,1.519,1.519,1.519,1.519,1.519,1.519,1.519,1.519,1.519,1.519,1.524,1.524,1.524,1.519,1.519,1.519,1.519,1.519,1.519,1.519
20/02/2024,1.519,1.519,1.519,1.519,1.519,1.519,1.519,1.519,1.519,1.519,1.519,1.519,1.519,1.519,1.519,1.519,1.519,1.519,1.519,1.519,1.519,1.519,1.519,1.519,1.519,1.519,1.519,1.519,1.519,1.519,1.524,1.524,1.524,1.519,1.519,1.519,1.519,1.519,1.519,1.519
21/02/2024,1.519,1.519,1.519,1.519,1.519,1.519,1.519,1.519,1.519,1.519,1.519,1.519,1.519,1.519,1.519,1.519,1.519,1.519,1.519,1.519,1.519,1.519,1.519,1.519,1.519,1.519,1.519,1.519,1.519,1.519,1.524,1.524,1.524,1.524,1.519,1.519,1.519,1.519,1.519,1.519
22/02/2024,1.519,1.519,1.519,1.519,1.519,1.519,1.519,1.519,1.519,1.519,1.519,1.519,1.519,1.519,1.519,1.519,1.519,1.519,1.519,1.519,1.519,1.519,1.519,1.519,1.519,1.519,1.519,1.519,1.519,1.519,1.524,1.524,1.524,1.519,1.519,1.519,1.519,1.519,1.519,1.519
23/02/2024,1.519,1.519,1.519,1.519,1.519,1.519,1.519,1.519,1.519,1.519,1.519,1.519,1.519,1.519,1.519,1.519,1.519,1.519,1.514,1.514,1.514,1.514,1.514,1.514,1.514,1.514,1.514,1.514,1.514,1.514,1.519,1.519,1.514,1.514,1.514,1.514,1.514,1.514,1.514,1.514
24/02/2024,1.514,1.514,1.514,1.514,1.514,1.514,1.514,1.514,1.514,1.514,1.514,1.514,1.514,1.514,1.514,1.514,1.514,1.514,1.514,1.519,1.519,1.519,1.514,1.514,1.514,1.514,1.514,1.514,1.514,1.514,1.514,1.519,1.519,1.519,1.519,1.514,1.514,1.514,1.514,1.514
25/02/2024,1.514,1.514,1.514,1.514,1.514,1.514,1.514,1.514,1.514,1.514,1.514,1.514,1.514,1.514,1.514,1.514,1.514,1.514,1.514,1.514,1.514,1.514,1.514,1.514,1.514,1.514,1.514,1.514,1.514,1.514,1.514,1.519,1.519,1.519,1.514,1.514,1.514,1.514,1.514,1.514
26/02/2024,1.514,1.514,1.514,1.514,1.514,1.514,1.514,1.514,1.514,1.514,1.514,1.514,1.514,1.514,1.514,1.514,1.519,1.519,1.519,1.519,1.519,1.519,1.514,1.514,1.514,1.514,1.514,1.519,1.519,1.519,1.514,1.514,1.514,1.514,1.514,1.514,1.514,1.514,1.514,1.514
27/02/2024,1.514,1.514,1.514,1.514,1.514,1.514,1.514,1.514,1.514,1.514,1.514,1.514,1.514,1.514,1.514,1.514,1.514,1.514,1.514,1.519,1.519,1.514,1.514,1.509,1.509,1.509,1.509,1.509,1.514,1.514,1.514,1.509,1.509,1.509,1.509,1.509,1.509,1.509,1.509,1.509
28/02/2024,1.509,1.509,1.509,1.509,1.509,1.509,1.509,1.509,1.509,1.509,1.509,1.509,1.509,1.509,1.509,1.509,1.509,1.509,1.509,1.509,1.509,1.509,1.509,1.509,1.509,1.509,1.509,1.509,1.514,1.514,1.514,1.509,1.509,1.509,1.509,1.509,1.509,1.509,1.509,1.509
29/02/2024,1.509,1.509,1.509,1.509,1.509,1.509,1.509,1.509,1.509,1.509,1.509,1.509,1.509,1.509,1.509,1.509,1.509,1.509,1.509,1.514,1.514,1.509,1.509,1.509,1.509,1.509,1.509,1.509,1.509,1.509,1.509,1.509,1.509,1.509,1.509,1.509,1.509,1.509,1.509,1.509
01/03/2024,1.509,1.509,1.509,1.509,1.509,1.504,1.504,1.504,1.504,1.504,1.504,1.504,1.504,1.504,1.504,1.504,1.504,1.504,1.504,1.509,1.509,1.509,1.504,1.504,1.504,1.504,1.504,1.504,1.509,1.514,1.514,1.509,1.509,1.509,1.509,1.509,1.509,1.509,1.509,1.509
02/03/2024,1.509,1.509,1.509,1.509,1.509,1.504,1.504,1.504,1.504,1.504,1.504,1.504,1.504,1.504,1.504,1.504,1.504,1.504,1.504,1.509,1.509,1.509,1.509,1.509,1.509,1.509,1.509,1.504,1.504,1.504,1.504,1.504,1.509,1.509,1.509,1.504,1.504,1.504,1.504,1.504
03/03/2024,1.504,1.504,1.504,1.504,1.504,1.504,1.504,1.504,1.504,1.504,1.504,1.504,1.504,1.504,1.504,1.504,1.504,1.504,1.504,1.509,1.509,1.509,1.509,1.509,1.509,1.509,1.509,1.509,1.509,1.509,1.509,1.509,1.509,1.509,1.504,1.509,1.509,1.509,1.509,1.509
04/03/2024,1.509,1.509,1.509,1.509,1.509,1.509,1.509,1.509,1.509,1.509,1.509,1.509,1.509,1.509,1.509,1.509,1.509,1.509,1.499,1.504,1.504,1.504,1.499,1.499,1.499,1.499,1.499,1.499,1.499,1.499,1.509,1.504,1.504,1.504,1.504,1.504,1.504,1.504,1.504,1.504
05/03/2024,1.504,1.504,1.504,1.504,1.504,1.504,1.504,1.504,1.504,1.504,1.504,1.504,1.504,1.504,1.504,1.504,1.504,1.504,1.504,1.504,1.504,1.504,1.504,1.499,1.499,1.499,1.499,1.499,1.504,1.504,1.504,1.499,1.499,1.499,1.499,1.499,1.499,1.499,1.499,1.499
06/03/2024,1.499,1.499,1.499,1.499,1.499,1.499,1.499,1.499,1.499,1.499,1.499,1.499,1.499,1.499,1.499,1.499,1.499,1.499,1.499,1.494,1.494,1.494,1.494,1.494,1.494,1.494,1.494,1.494,1.494,1.499,1.499,1.499,1.494,1.494,1.494,1.494,1.494,1.494,1.494,1.494
07/03/2024,1.494,1.494,1.494,1.494,1.494,1.494,1.494,1.494,1.494,1.494,1.494,1.494,1.494,1.494,1.494,1.494,1.494,1.494,1.494,1.499,1.499,1.494,1.494,1.494,1.494,1.494,1.494,1.494,1.499,1.499,1.499,1.494,1.494,1.494,1.494,1.494,1.494,1.494,1.494,1.494
08/03/2024,1.494,1.494,1.494,1.494,1.494,1.494,1.494,1.494,1.494,1.494,1.494,1.494,1.494,1.494,1.494,1.494,1.494,1.494,1.494,1.499,1.499,1.499,1.494,1.494,1.494,1.499,1.499,1.499,1.499,1.499,1.499,1.499,1.499,1.504,1.504,1.504,1.504,1.504,1.504,1.504
09/03/2024,1.504,1.504,1.504,1.504,1.504,1.504,1.504,1.504,1.504,1.494,1.494,1.494,1.494,1.494,1.494,1.494,1.494,1.494,1.494,1.499,1.499,1.499,1.499,1.494,1.494,1.494,1.494,1.494,1.494,1.494,1.494,1.499,1.499,1.499,1.499,1.499,1.499,1.499,1.499,1.499
10/03/2024,1.499,1.499,1.499,1.499,1.499,1.499,1.499,1.499,1.499,1.499,1.499,1.499,1.499,1.499,1.499,1.499,1.499,1.499,1.499,1.499,1.499,1.499,1.499,1.499,1.499,1.499,1.499,1.499,1.499,1.499,1.499,1.499,1.499,1.499,1.499,1.494,1.494,1.494,1.494,1.494
11/03/2024,1.494,1.494,1.494,1.494,1.494,1.494,1.494,1.494,1.494,1.494,1.494,1.494,1.494,1.494,1.494,1.494,1.494,1.494,1.494,1.499,1.499,1.499,1.494,1.494,1.494,1.494,1.494,1.499,1.499,1.499,1.499,1.494,1.494,1.494,1.494,1.494,1.494,1.494,1.494,1.494
12/03/2024,1.494,1.494,1.494,1.494,1.494,1.494,1.494,1.494,1.494,1.494,1.494,1.494,1.494,1.494,1.494,1.494,1.494,1.494,1.494,1.499,1.499,1.494,1.494,1.494,1.494,1.494,1.494,1.494,1.499,1.499,1.499,1.494,1.494,1.494,1.494,1.494,1.494,1.494,1.494,1.494
13/03/2024,1.494,1.494,1.494,1.494,1.494,1.494,1.494,1.494,1.494,1.494,1.494,1.494,1.494,1.494,1.494,1.494,1.494,1.494,1.494,1.499,1.499,1.499,1.494,1.494,1.494,1.494,1.494,1.494,1.494,1.499,1.499,1.499,1.494,1.494,1.494,1.494,1.494,1.494,1.494,1.494
14/03/2024,1.494,1.494,1.494,1.494,1.494,1.494,1.494,1.494,1.494,1.494,1.494,1.494,1.494,1.494,1.494,1.494,1.494,1.494,1.494,1.499,1.499,1.494,1.494,1.494,1.494,1.494,1.494,1.494,1.499,1.499,1.499,1.494,1.494,1.494,1.494,1.494,1.494,1.494,1.494,1.494
15/03/2024,1.494,1.494,1.494,1.494,1.494,1.494,1.494,1.494,1.494,1.494,1.494,1.494,1.494,1.494,1.494,1.494,1.494,1.494,1.499,1.504,1.504,1.504,1.499,1.499,1.499,1.499,1.499,1.499,1.504,1.504,1.504,1.519,1.519,1.519,1.519,1.519,1.519,1.519,1.519,1.519
16/03/2024,1.519,1.519,1.519,1.519,1.519,1.519,1.519,1.519,1.519,1.519,1.519,1.519,1.519,1.519,1.519,1.519,1.519,1.519,1.519,1.524,1.524,1.524,1.524,1.519,1.519,1.519,1.519,1.519,1.519,1.519,1.519,1.524,1.524,1.524,1.524,1.519,1.519,1.519,1.519,1.519
17/03/2024,1.519,1.519,1.519,1.519,1.519,1.519,1.519,1.519,1.519,1.519,1.519,1.519,1.519,1.519,1.519,1.519,1.519,1.519,1.519,1.524,1.524,1.524,1.524,1.519,1.519,1.519,1.519,1.519,1.519,1.519,1.519,1.524,1.524,1.524,1.524,1.519,1.519,1.519,1.519,1.519
18/03/2024,1.519,1.519,1.519,1.519,1.519,1.519,1.519,1.519,1.519,1.519,1.519,1.519,1.519,1.519,1.519,1.519,1.519,1.519,1.534,1.534,1.534,1.534,1.534,1.534,1.534,1.534,1.534,1.534,1.539,1.539,1.534,1.534,1.534,1.534,1.534,1.534,1.534,1.534,1.534,1.534
19/03/2024,1.534,1.534,1.534,1.534,1.534,1.534,1.534,1.534,1.534,1.534,1.534,1.534,1.534,1.534,1.534,1.534,1.534,1.534,1.534,1.559,1.559,1.554,1.554,1.564,1.564,1.564,1.564,1.564,1.569,1.569,1.569,1.564,1.564,1.564,1.564,1.564,1.564,1.564,1.564,1.564
20/03/2024,1.564,1.564,1.564,1.564,1.564,1.564,1.554,1.554,1.554,1.554,1.554,1.554,1.554,1.554,1.554,1.554,1.554,1.554,1.554,1.559,1.559,1.559,1.554,1.554,1.554,1.554,1.554,,,1.559,1.559,1.559,1.554,1.554,1.554,1.554,1.554,1.554,1.554,1.554
21/03/2024,1.554,1.554,1.554,1.554,1.554,1.554,1.554,1.554,1.554,1.554,1.554,1.554,1.554,1.554,1.554,1.554,1.554,1.554,1.554,1.554,1.554,1.549,1.549,1.559,1.559,1.559,1.559,1.559,1.564,1.564,1.564,1.559,1.559,1.559,1.559,1.559,1.559,1.559,1.559,1.559
22/03/2024,1.559,1.559,1.559,1.559,1.559,1.564,1.564,1.564,1.564,1.564,1.564,1.564,1.564,1.564,1.564,1.564,1.564,1.564,1.564,1.569,1.569,1.564,1.564,1.564,1.574,1.574,1.574,1.579,1.579,1.579,1.579,1.574,1.574,1.574,1.574,1.574,1.574,1.574,1.574,1.574
23/03/2024,1.574,1.574,1.574,1.574,1.574,1.564,1.564,1.564,1.564,1.564,1.564,1.564,1.564,1.564,1.564,1.564,1.564,1.564,1.564,1.564,1.564,1.564,1.564,1.564,1.564,1.564,1.564,1.564,1.564,1.564,1.564,1.564,1.564,1.564,1.564,1.564,1.564,1.564,1.564,1.564
24/03/2024,1.564,1.564,1.564,1.564,1.564,1.564,1.564,1.564,1.564,1.564,1.564,1.564,1.564,1.564,1.564,1.564,1.564,1.564,1.564,1.564,1.564,1.564,1.564,1.564,1.564,1.564,1.564,1.564,1.564,1.564,1.564,1.564,1.564,1.564,1.564,1.564,1.564,1.564,1.564,1.564
25/03/2024,1.564,1.564,1.564,1.564,1.564,1.564,1.564,1.564,1.564,1.564,1.564,1.564,1.564,1.564,1.564,1.564,1.564,1.564,1.564,1.564,1.564,1.564,1.564,1.564,1.574,1.574,1.574,1.574,1.574,1.574,1.574,1.574,1.574,1.574,1.574,1.574,1.574,1.574,1.574,1.574
26/03/2024,1.574,1.574,1.574,1.574,1.574,1.574,1.574,1.574,1.574,1.574,1.574,1.574,1.574,1.574,1.574,1.574,1.574,1.574,1.574,1.574,1.574,1.574,1.564,1.574,1.574,1.574,1.574,1.574,1.574,1.574,1.574,1.574,1.574,1.574,1.574,1.564,1.564,1.564,1.564,1.564
27/03/2024,1.564,1.564,1.564,1.564,1.564,1.564,1.564,1.564,1.564,1.564,1.564,1.564,1.564,1.564,1.564,1.564,1.564,1.564,1.564,1.569,1.569,1.569,1.569,1.569,1.574,1.574,1.574,1.574,1.574,1.574,1.574,1.574,1.574,1.574,1.574,1.564,1.564,1.564,1.564,1.564
28/03/2024,1.564,1.564,1.564,1.564,1.564,1.564,1.564,1.564,1.564,1.564,1.564,1.564,1.564,1.564,1.564,1.564,1.564,1.564,1.564,1.564,1.564,1.564,1.564,1.564,1.564,1.564,1.564,1.564,1.564,1.564,1.564,1.564,1.564,1.564,1.564,1.564,1.564,1.564,1.564,1.564
29/03/2024,1.564,1.564,1.564,1.564,1.564,1.564,1.564,1.564,1.564,1.564,1.564,1.564,1.564,1.564,1.564,1.564,1.564,1.564,1.564,1.564,1.564,1.564,1.564,1.564,1.564,1.564,1.564,1.564,1.564,1.564,1.564,1.564,1.564,1.564,1.564,1.564,1.564,1.564,1.564,1.564
30/03/2024,1.564,1.564,1.564,1.564,1.564,1.564,1.564,1.564,1.564,1.564,1.564,1.564,1.564,1.564,1.564,1.564,1.564,1.564,1.564,1.564,1.564,1.564,1.564,1.564,1.564,1.564,1.564,1.564,1.564,1.564,1.564,1.564,1.564,1.564,1.564,1.564,1.564,1.564,1.564,1.564
31/03/2024,1.564,1.564,1.564,1.564,,,1.564,1.564,1.564,1.564,1.564,1.564,1.564,1.564,1.564,1.564,1.564,1.564,1.564,1.564,1.564,1.564,1.564,1.574,1.574,1.574,1.574,1.574,1.574,1.574,1.574,1.574,1.574,1.574,1.574,1.574,1.574,1.574,1.574,1.574
01/04/2024,1.574,1.574,1.574,1.574,1.574,1.564,1.564,1.564,1.564,1.564,1.564,1.564,1.564,1.564,1.564,1.564,1.584,1.584,1.584,1.584,1.584,1.584,1.584,1.584,1.584,1.584,1.584,1.584,1.584,1.584,1.589,1.589,1.589,1.584,1.584,1.584,1.584,1.584,1.584,1.584
02/04/2024,1.584,1.584,1.584,1.584,1.584,1.584,1.584,1.584,1.584,1.584,1.584,1.584,1.584,1.584,1.584,1.584,1.584,1.584,1.584,1.589,1.589,1.584,1.599,1.599,1.599,1.599,1.599,1.599,1.599,1.599,1.604,1.604,1.604,1.599,1.599,1.599,1.599,1.599,1.599,1.599
03/04/2024,1.599,1.599,1.599,1.599,1.599,1.599,1.599,1.599,1.599,1.599,1.599,1.599,1.599,1.599,1.599,1.599,1.599,1.599,1.599,1.604,1.604,1.604,1.599,1.599,1.599,1.599,1.599,1.599,1.599,1.599,1.599,1.604,1.604,1.599,1.599,1.599,1.599,1.599,1.599,1.599
04/04/2024,1.599,1.599,1.599,1.599,1.599,1.599,1.599,1.599,1.599,1.599,1.599,1.599,1.599,1.599,1.599,1.599,1.599,1.599,1.599,1.604,1.604,1.599,1.599,1.599,1.599,1.599,1.599,1.599,1.599,1.599,1.604,1.604,1.604,1.599,1.599,1.599,1.599,1.599,1.599,1.599
05/04/2024,1.599,1.599,1.599,1.599,1.599,1.599,1.599,1.599,1.599,1.599,1.599,1.599,1.599,1.599,1.599,1.599,1.599,1.599,1.599,1.604,1.604,1.604,1.599,1.604,1.604,1.604,1.604,1.604,1.604,1.604,1.609,1.609,1.604,1.604,1.604,1.604,1.604,1.604,1.604,1.604
06/04/2024,1.604,1.604,1.604,1.604,1.604,1.599,1.599,1.599,1.599,1.599,1.599,1.599,1.599,1.599,1.599,1.599,1.599,1.599,1.599,1.604,1.604,1.604,1.604,1.599,1.599,1.599,1.599,1.599,1.599,1.599,1.599,1.604,1.604,1.604,1.604,1.599,1.599,1.599,1.599,1.599
07/04/2024,1.599,1.599,1.599,1.599,1.599,1.599,1.599,1.599,1.599,1.599,1.599,1.599,1.599,1.599,1.599,1.599,1.599,1.599,1.599,1.604,1.604,1.604,1.604,1.599,1.599,1.599,1.599,1.599,1.599,1.599,1.599,1.604,1.604,1.604,1.599,1.599,1.599,1.599,1.599,1.599
08/04/2024,1.599,1.599,1.599,1.599,1.599,1.599,1.599,1.599,1.599,1.599,1.599,1.599,1.599,1.599,1.599,1.599,1.599,1.599,1.599,1.604,1.604,1.604,1.599,1.599,1.599,1.599,1.599,1.599,1.599,1.599,1.604,1.604,1.604,1.599,1.599,1.599,1.599,1.599,1.599,1.599
09/04/2024,1.599,1.599,1.599,1.599,1.599,1.599,1.599,1.599,1.599,1.599,1.599,1.599,1.599,1.599,1.599,1.599,1.599,1.599,1.599,1.604,1.604,1.599,1.599,1.614,1.614,1.614,1.614,1.614,1.614,1.614,1.619,1.619,1.619,1.614,1.614,1.614,1.614,1.614,1.614,1.614
10/04/2024,1.614,1.614,1.614,1.614,1.614,1.614,1.614,1.614,1.614,1.614,1.614,1.614,1.614,1.614,1.614,1.614,1.614,1.614,1.614,1.619,1.619,1.619,1.614,1.609,1.609,1.609,1.609,1.609,1.609,1.609,1.609,1.614,1.614,1.614,1.609,1.609,1.609,1.609,1.609,1.609
11/04/2024,1.609,1.609,1.609,1.609,1.609,1.609,1.609,1.609,1.609,1.609,1.609,1.609,1.609,1.609,1.609,1.609,1.609,1.609,1.609,1.614,1.614,1.609,1.609,1.609,1.609,1.609,1.609,1.609,1.609,1.609,1.614,1.614,1.614,1.609,1.609,1.609,1.609,1.609,1.609,1.609
12/04/2024,1.609,1.609,1.609,1.609,1.609,1.609,1.609,1.609,1.609,1.609,1.609,1.609,1.609,1.609,1.609,1.609,1.609,1.609,1.609,1.614,1.614,1.614,1.609,1.614,1.614,1.614,1.614,1.614,1.614,1.614,1.619,1.619,1.619,1.614,1.614,1.614,1.614,1.614,1.614,1.614
13/04/2024,1.614,1.614,1.614,1.614,1.614,1.609,1.609,1.609,1.609,1.609,1.609,1.609,1.609,1.609,1.609,1.609,1.609,1.609,1.609,1.614,1.614,1.614,1.614,1.609,1.609,1.609,1.609,1.609,1.609,1.609,1.609,1.614,1.614,1.614,1.614,1.609,1.609,1.609,1.609,1.609
14/04/2024,1.609,1.609,1.609,1.609,1.609,1.609,1.609,1.609,1.609,1.609,1.609,1.609,1.609,1.609,1.609,1.609,1.609,1.609,1.609,1.614,1.614,1.614,1.614,1.609,1.609,1.609,1.609,1.609,1.609,1.609,1.609,1.614,1.614,1.614,1.614,1.609,1.609,1.609,1.609,1.609
15/04/2024,1.609,1.609,1.609,1.609,1.609,1.609,1.609,1.609,1.609,1.609,1.609,1.609,1.609,1.609,1.609,1.609,1.609,1.609,1.609,,1.614,1.614,1.609,1.609,1.609,1.609,1.609,1.609,1.609,1.609,1.614,1.614,1.614,1.609,1.609,1.609,1.609,1.609,1.609,1.609
16/04/2024,1.609,1.609,1.609,1.609,1.609,1.609,1.609,1.609,1.609,1.609,1.609,1.609,1.609,1.609,1.609,1.609,1.609,1.609,1.609,1.614,1.614,1.609,1.609,1.609,1.609,1.609,1.609,1.609,1.609,1.609,1.614,1.614,1.614,1.609,1.609,1.609,1.609,1.609,1.609,1.609
17/04/2024,1.609,1.609,1.609,1.609,1.609,1.609,1.609,1.609,1.609,1.609,1.609,1.609,1.609,1.609,1.609,1.609,1.609,1.609,1.609,1.614,1.614,1.614,1.609,1.609,1.609,1.609,1.609,1.609,1.609,1.609,1.609,1.614,1.614,1.614,1.609,1.609,1.609,1.609,1.609,1.609
18/04/2024,1.609,1.609,1.609,1.609,1.609,1.609,1.609,1.609,1.609,1.609,1.609,1.609,1.609,1.609,1.609,1.609,1.609,1.609,1.609,1.614,1.614,1.609,1.609,1.609,1.609,1.609,1.609,1.609,1.609,1.609,1.614,1.614,1.614,1.609,1.609,1.609,1.609,1.609,1.609,1.609
19/04/2024,1.609,1.609,1.609,1.609,1.609,1.609,1.609,1.609,1.609,1.609,1.609,1.609,1.609,1.609,1.609,1.609,1.609,1.609,1.609,1.614,1.614,1.614,1.609,1.614,1.614,1.614,1.614,1.614,1.614,1.614,1.619,1.619,1.619,1.614,1.614,1.614,1.614,1.614,1.614,1.614
20/04/2024,1.614,1.614,1.614,1.614,1.614,1.614,1.609,1.609,1.609,1.609,1.609,1.609,1.609,1.609,1.609,1.609,1.609,1.609,1.609,1.614,1.614,1.614,1.614,1.609,1.609,1.609,1.609,1.609,1.609,1.609,1.609,1.614,1.614,1.614,1.614,1.609,1.609,1.609,1.609,1.609
21/04/2024,1.609,1.609,1.609,1.609,1.609,1.609,1.609,1.609,1.609,1.609,1.609,1.609,1.609,1.609,1.609,1.609,1.609,1.609,1.609,1.614,1.614,1.614,1.614,1.609,1.609,1.609,1.609,1.609,1.609,1.609,1.609,1.614,1.614,1.614,1.614,1.609,1.609,1.609,1.609,1.609
22/04/2024,1.609,1.609,1.609,1.609,1.609,1.609,1.609,1.609,1.609,1.609,1.609,1.609,1.609,1.609,1.609,1.609,1.609,1.609,1.609,1.614,1.614,1.609,1.609,1.609,1.609,1.609,1.609,1.609,1.609,1.609,1.614,1.614,1.609,1.609,1.609,1.609,1.609,1.609,1.609,1.609
23/04/2024,1.609,1.609,1.609,1.609,1.609,1.609,1.609,1.609,1.609,1.609,1.609,1.609,1.609,1.609,1.609,1.609,1.609,1.609,1.609,1.614,1.614,1.609,1.609,1.609,1.609,1.609,1.609,,1.609,1.609,1.614,1.614,,1.609,1.609,1.609,1.609,1.609,1.609,1.609
24/04/2024,1.609,1.609,1.609,1.609,1.609,1.609,1.609,1.609,1.609,1.609,1.609,1.609,1.609,1.609,1.609,1.609,1.609,1.609,1.609,1.614,1.614,1.614,1.609,1.609,1.609,1.609,1.609,1.609,1.609,1.609,1.609,1.614,1.614,1.614,1.609,1.609,1.609,1.609,1.609,1.609
25/04/2024,1.609,1.609,1.609,1.609,1.609,1.609,1.609,1.609,1.609,1.609,1.609,1.609,1.609,1.609,1.609,1.609,1.609,1.609,1.609,1.614,1.614,1.609,1.609,1.609,1.609,1.609,1.609,1.609,1.609,1.609,1.614,1.614,1.614,1.609,1.609,1.609,1.609,1.609,1.609,1.609
26/04/2024,1.609,1.609,1.609,1.609,1.609,1.609,1.609,1.609,1.609,1.609,1.609,1.609,1.609,1.609,1.609,1.609,1.609,1.609,1.609,1.569,1.569,1.564,1.564,1.564,1.564,1.564,1.564,,1.564,1.564,1.569,1.569,1.569,1.564,1.564,1.564,1.564,1.564,1.564,1.564
27/04/2024,1.564,1.564,1.564,1.564,1.564,1.564,1.564,1.564,1.564,1.564,1.564,1.564,1.564,1.564,1.564,1.564,1.564,1.564,1.564,1.569,1.569,1.569,1.569,1.564,1.564,1.564,1.564,1.564,1.564,1.564,1.564,1.569,1.569,1.569,1.564,1.564,1.564,1.564,1.564,1.564
28/04/2024,1.564,1.564,1.564,1.564,1.564,1.564,1.564,1.564,1.564,1.564,1.564,1.564,1.564,1.564,1.564,1.564,1.564,1.564,1.564,1.569,1.569,1.569,1.564,1.564,1.564,1.564,1.564,1.564,1.564,1.564,1.564,1.569,1.569,1.569,1.564,1.564,1.564,1.564,1.564,1.564
29/04/2024,1.564,1.564,1.564,1.564,1.564,1.564,1.564,1.564,1.564,1.564,1.564,1.564,1.564,1.564,1.564,1.564,1.564,1.609,1.609,1.614,1.614,1.614,1.609,1.609,1.609,1.609,1.609,1.609,1.609,1.609,1.614,1.614,1.614,1.609,1.609,1.609,1.609,1.609,1.609,1.609
30/04/2024,1.609,1.609,1.609,1.609,1.609,1.609,1.609,1.609,1.609,1.609,1.609,1.609,1.609,1.609,1.609,1.609,1.609,1.609,1.609,1.614,1.614,1.609,1.609,1.609,1.609,1.609,1.609,1.609,1.609,1.609,1.614,1.614,1.614,1.609,1.609,1.609,1.609,1.609,1.609,1.609
01/05/2024,1.609,1.609,1.609,1.609,1.609,1.609,1.609,1.609,1.609,1.609,1.609,1.609,1.609,1.609,1.609,1.609,1.609,1.609,1.609,1.609,1.609,1.609,1.609,1.609,1.609,1.609,1.609,1.609,1.609,1.609,1.609,1.619,1.619,1.619,1.614,1.614,1.614,1.614,1.614,1.614
02/05/2024,1.614,1.614,1.614,1.614,1.614,1.614,1.614,1.614,1.614,1.614,1.614,1.614,1.614,1.614,1.614,1.614,1.614,1.614,1.614,1.619,1.619,1.614,1.614,1.614,1.614,1.614,1.614,1.614,1.614,1.614,1.619,1.619,1.619,1.614,1.614,1.614,1.614,1.614,1.614,1.614
03/05/2024,1.614,1.614,1.614,1.614,1.614,1.614,1.614,1.614,1.614,1.614,1.614,1.614,1.614,1.614,1.614,1.614,1.614,1.614,1.614,1.614,1.614,1.609,1.609,1.609,1.609,1.609,1.609,1.609,1.609,1.614,1.614,1.614,1.614,1.609,1.609,1.609,1.609,1.609,1.609,1.609
04/05/2024,1.609,1.609,1.609,1.609,1.609,1.609,1.609,1.609,1.609,1.609,1.609,1.609,1.609,1.609,1.609,1.609,1.609,1.609,1.609,1.614,1.614,1.614,1.614,1.609,1.609,1.609,1.609,1.609,1.609,1.609,1.614,1.614,1.614,1.614,1.614,1.609,1.609,1.609,1.609,1.609
05/05/2024,1.609,1.609,1.609,1.609,1.609,1.609,1.609,1.609,1.609,1.609,1.609,1.609,1.609,1.609,1.609,1.609,1.609,1.609,1.609,1.609,1.609,1.609,1.609,1.609,1.609,1.609,1.609,1.609,1.609,1.609,1.609,1.609,1.609,1.609,1.614,1.609,1.609,1.609,1.609,1.609
06/05/2024,1.609,1.609,1.609,1.609,1.609,1.609,1.609,1.609,1.609,1.609,1.609,1.609,1.609,1.609,1.609,1.609,1.609,1.609,1.609,1.614,1.614,1.609,1.609,1.609,1.609,1.609,1.609,1.609,1.609,1.614,1.614,1.614,1.614,1.609,1.609,1.609,1.609,1.609,1.609,1.609
07/05/2024,1.609,1.609,1.609,1.609,1.609,1.609,1.609,1.609,1.609,1.609,1.609,1.609,1.609,1.609,1.609,1.609,1.609,1.609,1.609,1.604,1.604,1.599,1.599,1.599,1.599,1.599,1.599,1.599,1.599,1.599,1.604,1.604,1.604,1.599,1.599,1.599,1.599,1.599,1.599,1.599
08/05/2024,1.599,1.599,1.599,1.599,1.599,1.599,1.599,1.599,1.599,1.599,1.599,1.599,1.599,1.599,1.599,1.599,1.599,1.599,1.599,1.599,1.599,1.599,1.599,1.599,1.599,1.599,1.599,1.599,1.599,1.599,1.604,1.604,1.604,1.604,1.604,1.604,1.604,1.604,1.604,1.604
09/05/2024,1.604,1.604,1.604,1.604,1.604,1.604,1.604,1.604,1.604,1.604,1.604,1.604,1.604,1.604,1.599,1.599,1.599,1.599,1.599,1.604,1.604,1.599,1.599,1.599,1.599,1.599,1.599,1.599,1.599,1.599,1.604,1.604,1.604,1.599,1.599,1.599,1.599,1.599,1.599,1.599
10/05/2024,1.599,1.599,1.599,1.599,1.599,1.599,1.599,1.599,1.599,1.599,1.599,1.599,1.599,1.599,1.599,1.599,1.599,1.599,1.599,1.604,1.604,1.599,1.599,1.604,1.604,1.604,1.604,1.604,1.604,1.604,1.609,1.609,1.604,1.604,1.604,1.604,1.604,1.604,1.604,1.604
11/05/2024,1.604,1.604,1.604,1.604,1.604,1.604,1.604,1.604,1.604,1.604,1.604,1.604,1.604,1.604,1.604,1.604,1.604,1.604,1.604,1.609,1.609,1.609,1.609,1.604,1.604,1.604,1.604,1.604,1.604,1.604,1.604,1.609,1.609,1.609,1.604,1.604,1.604,1.604,1.604,1.604
12/05/2024,1.604,1.604,1.604,1.604,1.604,1.604,1.604,1.604,1.604,1.604,1.604,1.604,1.604,1.604,1.604,1.604,1.604,1.604,1.604,1.604,1.604,1.604,1.604,1.599,1.599,1.599,1.599,1.599,1.599,1.599,1.599,1.604,1.604,1.604,1.604,1.599,1.599,1.599,1.599,1.599
13/05/2024,1.599,1.599,1.599,1.599,1.599,1.599,1.599,1.599,1.599,1.599,1.599,1.599,1.599,1.599,1.599,1.599,1.599,1.599,1.599,1.604,1.604,1.599,1.599,1.599,1.599,1.599,1.599,1.599,1.599,1.604,1.604,1.604,1.599,1.599,1.599,1.599,1.599,1.599,1.599,1.599
14/05/2024,1.599,1.599,1.599,1.599,1.599,1.599,1.599,1.599,1.599,1.599,1.599,1.599,1.599,1.599,1.599,1.599,1.599,1.599,1.599,1.604,1.604,1.599,1.599,1.599,1.599,1.599,1.599,1.599,1.599,1.599,1.604,1.604,1.604,1.599,1.599,1.599,1.599,1.599,1.599,1.599
15/05/2024,1.599,1.599,1.599,1.599,1.599,1.599,1.599,1.599,1.599,1.599,1.599,1.599,1.599,1.599,1.599,1.599,1.599,1.599,1.599,1.599,1.599,1.599,1.599,1.599,1.599,1.599,1.599,1.599,1.599,1.599,1.604,1.609,1.609,1.604,1.604,1.604,1.604,,1.604,1.604
16/05/2024,1.604,1.604,1.604,1.604,1.604,1.604,1.604,1.604,1.604,1.604,1.604,1.604,1.604,1.604,1.604,1.604,1.604,1.604,1.604,1.599,1.599,1.599,1.599,1.599,1.599,,1.599,1.599,1.599,1.599,1.604,1.604,1.604,1.599,1.599,1.599,1.599,1.599,1.599,1.599
17/05/2024,1.599,1.599,1.599,1.599,1.599,1.599,1.599,1.599,1.599,1.599,1.599,1.599,1.599,1.599,1.599,1.599,1.599,1.599,1.599,1.604,1.604,1.599,1.599,1.604,1.604,1.604,1.604,1.604,1.604,1.609,1.609,1.609,1.609,1.604,1.604,1.604,1.604,1.604,1.604,1.604
19/05/2024,1.604,1.604,1.604,1.604,1.604,1.604,1.604,1.604,1.604,1.604,1.604,1.604,1.604,1.604,1.604,1.604,1.604,1.604,,1.609,1.609,1.609,1.609,1.604,1.604,1.604,1.604,1.604,1.604,1.604,1.604,1.609,1.609,1.609,1.609,1.604,1.604,1.604,1.604,1.604
20/05/2024,1.604,1.604,1.604,1.604,1.604,1.604,1.604,1.604,1.604,1.604,1.604,1.604,1.604,1.604,1.604,1.604,1.604,1.599,1.599,1.604,1.604,1.604,1.599,1.599,1.599,1.599,1.599,1.599,1.599,1.599,1.604,1.604,1.604,1.599,1.599,1.599,1.599,1.599,1.599,1.599
22/05/2024,1.599,1.599,1.599,1.599,1.599,1.599,1.599,1.599,1.599,1.599,1.599,1.599,1.599,1.599,1.599,1.599,1.599,1.599,1.599,1.599,1.599,1.599,1.599,1.599,1.599,1.599,1.599,1.599,1.599,1.599,1.599,1.609,1.609,1.609,1.604,1.604,1.604,1.604,1.604,1.604
23/05/2024,1.604,1.604,1.604,1.604,1.604,1.599,1.599,1.599,1.599,1.599,1.599,1.599,1.599,1.599,1.599,1.599,1.599,1.599,1.599,1.604,1.604,1.599,1.599,1.599,1.599,1.599,1.599,1.599,1.599,1.599,1.604,1.604,1.604,1.599,1.599,1.599,1.599,1.599,1.599,1.599
24/05/2024,1.599,1.599,1.599,1.599,1.599,1.599,1.599,1.599,1.599,1.599,1.599,1.599,1.599,1.599,1.599,1.599,1.599,1.599,1.599,1.604,1.604,1.604,1.599,1.619,1.624,1.624,1.624,1.624,1.624,1.624,1.629,1.629,1.629,1.624,1.599,1.599,1.599,1.599,1.599,1.599
25/05/2024,1.599,1.599,1.599,1.599,1.599,1.599,1.599,1.599,1.599,1.599,1.599,1.599,1.599,1.599,1.599,1.599,1.599,1.599,1.599,1.604,1.604,1.604,1.604,1.599,1.599,1.599,1.599,1.599,1.599,1.599,1.599,1.604,1.604,1.604,1.604,1.599,1.599,1.599,1.599,1.599
26/05/2024,1.599,1.599,1.599,1.599,1.599,1.599,1.599,1.599,1.599,1.599,1.599,1.599,1.599,1.599,1.599,1.599,1.599,1.599,1.599,1.604,1.604,1.604,1.599,1.599,1.599,1.599,1.599,1.599,1.599,1.599,1.604,1.604,1.604,1.604,1.604,1.599,1.599,1.599,1.599,1.599
27/05/2024,1.599,1.599,1.599,1.599,1.599,1.599,1.599,1.599,1.599,1.599,1.599,1.599,1.599,1.599,1.599,1.599,1.599,1.599,1.599,1.599,1.599,1.599,1.599,1.599,1.599,1.599,1.599,1.599,1.599,1.599,1.604,1.604,1.599,1.599,1.599,1.599,1.599,1.599,1.599,1.599
28/05/2024,1.599,1.599,1.599,1.599,1.599,1.599,1.599,1.599,1.599,1.599,1.599,1.599,1.599,1.599,1.599,1.599,1.599,1.599,1.599,1.599,1.599,1.599,1.599,1.599,1.599,1.599,1.599,1.599,1.599,1.599,1.604,1.604,1.604,1.599,1.599,1.599,1.599,1.599,1.599,1.599
29/05/2024,1.599,1.599,1.599,1.599,1.599,1.599,1.599,1.599,1.599,1.599,1.599,1.599,1.599,1.599,1.599,1.599,1.599,1.599,1.599,1.599,1.599,1.599,1.599,1.599,1.599,1.599,1.599,1.599,1.599,1.599,1.604,1.604,1.604,1.599,1.599,1.599,1.599,1.599,,1.599
30/05/2024,1.599,1.599,1.599,1.599,1.599,1.599,1.599,1.599,1.599,1.599,1.599,1.599,1.599,1.599,,1.599,1.599,1.599,1.599,1.599,1.599,1.599,1.599,1.599,1.599,1.599,1.599,1.599,1.599,1.599,1.604,1.604,1.604,1.599,1.599,1.599,1.599,1.599,1.599,1.599
31/05/2024,1.599,1.599,1.599,1.599,1.599,1.599,1.599,1.599,1.599,1.599,1.599,1.599,1.599,1.599,1.599,1.599,1.599,1.599,1.599,1.599,1.599,1.599,1.599,1.604,1.604,1.604,1.604,1.604,1.604,1.604,1.609,1.609,1.609,1.604,1.604,1.604,1.604,1.604,1.604,1.604
01/06/2024,1.604,1.604,1.604,1.604,1.604,1.599,1.599,1.599,1.599,1.599,1.599,1.599,1.599,1.599,1.599,1.599,1.599,1.599,1.599,1.604,1.604,1.604,1.599,1.599,1.599,1.599,1.599,1.599,1.599,1.599,1.599,1.604,1.604,1.604,1.604,1.599,1.599,1.599,1.599,1.599
02/06/2024,1.599,1.599,1.599,1.599,1.599,1.599,1.599,1.599,1.599,1.599,1.599,1.599,1.599,1.599,1.599,1.599,1.599,1.599,1.599,1.604,1.604,1.604,1.599,1.599,1.599,1.599,1.599,1.599,1.599,1.599,1.599,1.604,1.604,1.604,1.604,1.599,1.599,1.599,1.599,1.599
03/06/2024,1.599,1.599,1.599,1.599,1.599,1.599,1.599,1.599,1.599,1.599,1.599,1.599,1.599,1.599,1.599,1.599,1.599,1.599,1.599,1.599,1.599,1.599,1.599,1.599,1.599,1.599,1.599,1.599,1.599,1.599,1.604,1.604,1.604,1.599,1.599,1.599,1.599,1.599,1.599,1.599
04/06/2024,1.599,1.599,1.599,1.599,1.599,1.599,1.599,1.599,1.599,1.599,1.599,1.599,1.599,1.599,1.599,1.599,1.599,1.599,1.599,1.599,1.599,1.599,1.599,1.599,1.599,1.599,1.599,1.599,1.599,1.599,1.604,1.604,1.604,1.599,1.599,1.599,1.599,1.599,1.599,1.599
05/06/2024,1.599,1.599,1.599,1.599,1.599,1.599,1.599,1.599,1.599,1.599,1.599,1.599,1.599,1.599,1.599,1.599,1.599,1.599,1.599,1.599,1.599,1.599,1.599,1.599,1.599,1.599,1.599,1.599,1.599,1.599,1.604,1.604,1.604,1.599,1.599,1.599,1.599,1.599,1.599,1.599
06/06/2024,1.599,1.599,1.599,1.599,1.599,1.599,1.599,1.599,1.599,1.599,1.599,1.599,1.599,1.599,1.599,1.599,1.599,1.599,1.599,1.599,1.599,1.599,1.599,1.599,1.599,1.599,1.599,1.599,1.599,1.599,1.604,1.604,1.604,1.599,1.599,1.599,1.599,1.599,1.599,1.599
07/06/2024,1.599,1.599,1.599,1.599,1.599,1.599,1.599,1.599,1.599,1.599,1.599,1.599,1.599,1.599,1.599,1.599,1.599,1.599,1.599,1.589,1.589,1.589,1.589,1.594,1.594,1.594,1.594,1.594,1.594,1.594,1.599,1.599,1.594,1.594,1.594,1.594,1.594,1.594,1.594,1.594
08/06/2024,1.594,1.594,1.594,1.594,1.594,1.589,1.589,1.589,1.589,1.589,1.589,1.589,1.589,1.589,1.589,1.589,1.589,1.589,1.589,1.594,1.594,1.594,1.589,1.589,1.589,1.589,1.589,1.589,1.589,1.589,1.589,1.594,1.594,1.594,1.594,1.589,1.589,1.589,1.589,1.589
09/06/2024,1.589,1.589,1.589,1.589,1.589,1.589,1.589,1.589,1.589,1.589,1.589,1.589,1.589,1.589,1.589,1.589,1.589,1.589,1.589,1.594,1.594,1.594,1.589,1.589,1.589,1.589,1.589,1.589,1.589,1.589,1.589,1.594,1.594,1.594,1.589,1.589,1.589,1.589,1.589,1.589
10/06/2024,1.589,1.589,1.589,1.589,1.589,1.589,1.589,1.589,1.589,1.589,1.589,1.589,1.589,1.589,1.589,1.589,1.589,1.589,1.589,1.589,1.589,1.589,1.589,1.589,1.589,1.589,1.589,1.589,1.589,1.589,1.594,1.594,1.589,1.589,1.589,1.589,1.589,1.589,1.589,1.589
11/06/2024,1.589,1.589,1.589,1.589,1.589,1.589,1.589,1.589,1.589,1.589,1.589,1.589,1.589,1.589,1.589,1.589,1.589,1.589,1.589,1.589,1.589,1.589,1.589,1.589,1.589,1.589,1.589,1.589,1.589,1.589,1.594,1.594,1.594,1.589,1.589,1.589,1.589,1.589,1.589,1.589
12/06/2024,1.589,1.589,1.589,1.589,1.589,1.589,1.589,1.589,1.589,1.589,1.589,1.589,1.589,1.589,1.589,1.589,1.589,1.589,1.589,1.589,1.589,1.589,1.589,1.589,1.589,1.589,1.589,1.589,1.589,1.589,1.589,1.594,1.594,1.594,1.589,1.589,1.589,1.589,1.589,1.589
13/06/2024,1.589,1.589,1.589,1.589,1.589,1.589,1.589,1.589,1.589,1.589,1.589,1.589,1.589,1.589,1.589,1.589,1.589,1.589,1.589,1.589,1.589,1.589,1.589,1.589,1.589,1.589,1.589,1.589,1.589,1.589,1.594,1.594,1.594,1.589,1.589,1.589,1.589,1.589,1.589,1.589
14/06/2024,1.589,1.589,1.589,1.589,1.589,1.589,1.589,1.589,1.589,1.589,1.589,1.589,1.589,1.589,1.589,1.589,1.589,1.589,1.589,1.589,1.589,1.589,1.589,1.594,1.594,1.594,1.594,1.594,1.594,1.594,1.599,1.599,1.599,1.594,1.594,1.594,1.594,1.594,1.594,1.594
15/06/2024,1.594,1.594,1.594,1.594,1.594,1.589,1.589,1.589,1.589,1.589,1.589,1.589,1.589,1.589,1.589,1.589,1.589,1.589,1.589,1.594,1.594,1.594,1.594,1.589,1.589,1.589,1.589,1.589,1.589,1.589,1.589,1.594,1.594,1.594,1.594,1.589,1.589,1.589,1.589,1.589
16/06/2024,1.589,1.589,1.589,1.589,1.589,1.589,1.589,1.589,1.589,1.589,1.589,1.589,1.589,1.589,1.589,1.589,1.589,1.589,1.589,1.594,1.594,1.594,1.594,1.589,1.589,1.589,1.589,1.589,1.589,1.589,1.589,1.594,1.594,1.594,1.594,1.589,1.589,1.589,1.589,1.589
17/06/2024,1.589,1.589,1.589,1.589,1.589,1.589,1.589,1.589,1.589,1.589,1.589,1.589,1.589,1.589,1.589,1.589,1.589,1.589,1.589,1.589,1.589,1.589,1.589,1.589,1.589,1.589,1.589,1.589,1.589,1.589,1.594,1.594,1.594,1.589,1.589,1.589,1.589,1.589,1.589,1.589
18/06/2024,1.589,1.589,1.589,1.589,1.589,1.589,1.589,1.589,1.589,1.589,1.589,1.589,1.589,1.589,1.589,1.589,1.589,1.589,1.589,1.589,1.589,1.589,1.589,1.589,1.589,1.589,1.589,1.589,1.589,1.589,1.594,1.594,1.594,1.589,1.589,1.589,1.589,1.589,1.589,1.589
19/06/2024,1.589,1.589,1.589,1.589,1.589,1.589,1.589,1.589,1.589,1.589,1.589,,,,,1.589,1.589,1.589,1.589,1.589,1.589,1.589,1.589,1.589,1.589,1.589,1.589,1.589,1.589,1.589,1.589,1.594,1.594,1.589,1.589,1.589,1.589,1.589,1.589,1.589
20/06/2024,1.589,1.589,1.589,1.589,1.589,1.589,1.589,1.589,1.589,1.589,1.589,1.589,1.589,1.589,1.589,1.589,1.589,1.589,1.589,1.589,1.589,1.589,1.589,1.589,1.589,1.589,1.589,1.589,1.589,1.589,1.594,1.594,1.594,1.589,1.589,1.589,1.589,1.589,1.589,1.589
21/06/2024,1.589,1.589,1.589,1.589,1.589,1.589,1.589,1.589,1.589,1.589,1.589,1.589,1.589,1.589,1.589,1.589,1.589,1.589,1.589,1.589,1.589,1.589,1.589,1.594,1.594,1.594,1.594,1.594,1.594,1.594,1.599,1.599,1.594,1.594,1.594,1.594,1.594,1.594,1.594,1.594
22/06/2024,1.594,1.594,1.594,1.594,1.594,1.589,1.589,1.589,1.589,1.589,1.589,1.589,1.589,1.589,1.589,1.589,1.589,1.589,1.589,1.594,1.594,1.594,1.594,1.589,1.589,1.589,1.589,1.589,1.589,1.589,1.589,1.594,1.594,1.594,1.594,1.589,1.589,1.589,1.589,1.589
23/06/2024,1.589,1.589,1.589,1.589,1.589,1.589,1.589,1.589,1.589,1.589,1.589,1.589,1.589,1.589,1.589,1.589,1.589,1.589,1.589,1.594,1.594,1.594,1.594,1.589,1.589,1.589,1.589,1.589,1.589,1.589,1.589,1.594,1.594,1.594,1.589,1.589,1.589,1.589,1.589,1.589
24/06/2024,1.589,1.589,1.589,1.589,1.589,1.589,1.589,1.589,1.589,1.589,1.589,1.589,1.589,1.589,1.589,1.589,1.589,1.589,1.589,1.589,1.589,1.589,1.589,1.589,1.589,1.589,1.589,1.589,1.589,1.594,1.594,1.594,1.594,1.589,1.589,1.589,1.589,1.589,1.589,1.589
25/06/2024,1.589,1.589,1.589,1.589,1.589,1.589,1.589,1.589,1.589,1.589,1.589,1.589,1.589,1.589,1.589,1.589,1.589,1.589,1.589,1.589,1.589,1.589,1.589,1.589,1.589,1.589,1.589,1.589,1.589,1.589,1.594,1.594,1.594,1.594,1.594,1.594,1.594,1.594,1.594,1.594
26/06/2024,1.594,1.594,1.594,1.594,1.594,1.594,1.594,1.594,1.594,1.594,1.594,1.594,1.594,1.594,1.594,1.594,1.594,1.594,1.594,1.594,1.594,1.594,1.594,1.594,1.594,1.594,1.594,1.594,1.594,1.594,1.594,1.594,1.594,1.589,1.589,1.589,1.589,1.589,1.589,1.589
27/06/2024,1.589,1.589,1.589,1.589,1.589,1.589,1.589,1.589,1.589,1.589,1.589,1.589,1.589,1.589,1.589,1.589,1.589,1.589,1.589,1.589,1.589,1.589,1.589,1.589,1.589,1.589,1.589,1.589,1.589,1.589,1.594,1.594,1.594,1.589,1.589,1.589,1.589,1.589,1.589,1.589
28/06/2024,1.589,1.589,1.589,1.589,1.589,1.589,1.589,1.589,1.589,1.589,1.589,1.589,1.589,1.589,1.589,1.589,1.589,1.589,1.589,1.589,1.589,1.589,1.589,1.599,1.599,1.599,1.599,1.599,1.599,1.599,1.604,1.604,1.604,1.599,1.599,1.599,1.599,1.599,1.599,1.599
29/06/2024,1.599,1.599,1.599,1.599,1.599,1.599,1.599,1.599,1.599,1.599,1.599,1.599,1.599,1.599,1.599,1.599,1.599,1.599,1.599,1.604,1.604,1.604,1.604,1.599,1.599,1.599,1.599,1.599,1.599,1.599,1.599,1.604,1.604,1.604,1.604,1.599,1.599,1.599,1.599,1.599
30/06/2024,1.599,1.599,1.599,1.599,1.599,1.599,1.599,1.599,1.599,1.599,1.599,1.599,1.599,1.599,1.599,1.599,1.599,1.599,1.599,1.604,1.604,1.604,1.599,1.599,1.599,1.599,1.599,1.599,1.599,1.599,1.599,1.604,1.604,1.604,1.599,1.599,1.599,1.599,1.599,1.599
01/07/2024,1.599,1.599,1.599,1.599,1.599,1.599,1.599,1.599,1.599,1.599,1.599,1.599,1.599,1.599,1.599,1.599,1.599,1.589,1.589,1.589,1.589,1.589,1.589,1.589,1.589,1.589,1.589,1.589,1.589,1.589,1.589,1.609,1.609,1.609,1.609,1.609,1.609,1.609,1.609,1.609
02/07/2024,1.609,1.609,1.609,1.609,1.609,1.609,1.609,1.609,1.609,1.609,1.609,1.609,1.609,1.609,1.609,1.609,1.609,1.609,1.609,1.609,1.609,1.614,1.619,1.609,1.609,1.609,1.609,1.609,1.609,1.609,1.609,1.614,1.614,1.609,1.609,1.609,1.609,1.609,1.609,1.609
03/07/2024,1.609,1.609,1.609,1.609,1.609,1.609,1.609,1.609,1.609,1.609,1.609,1.609,1.609,1.609,1.609,1.609,1.609,1.609,1.609,1.614,1.614,1.614,1.609,1.609,1.609,1.609,1.609,1.609,1.609,1.609,1.609,1.614,1.614,1.609,1.609,1.609,1.609,1.609,1.609,1.609
04/07/2024,1.609,1.609,1.609,1.609,1.609,1.609,1.609,1.609,1.609,1.609,1.609,1.609,1.609,1.609,1.609,1.609,1.609,1.609,1.609,1.614,1.614,1.614,1.609,1.609,1.609,1.609,1.609,1.609,1.609,1.609,1.609,1.614,1.614,1.609,1.609,1.609,1.609,1.609,1.609,1.609
05/07/2024,1.609,1.609,1.609,1.609,1.609,1.609,1.609,1.609,1.609,1.609,1.609,1.609,1.609,1.609,1.609,1.609,1.609,1.609,1.609,1.614,1.614,1.614,1.609,1.609,1.619,1.619,1.619,1.619,1.619,1.619,1.619,1.624,1.624,1.619,1.619,1.619,1.619,1.619,1.619,1.619
06/07/2024,1.619,1.619,1.619,1.619,1.619,1.609,1.609,1.609,1.609,1.609,1.609,1.609,1.609,1.609,1.609,1.609,1.609,1.609,1.609,1.614,1.614,1.614,1.609,1.609,1.609,1.609,1.609,1.609,1.609,1.609,1.609,1.614,1.614,1.609,1.609,1.609,1.609,1.609,1.609,1.609
07/07/2024,1.609,1.609,1.609,1.609,1.609,1.609,1.609,1.609,1.609,1.609,1.609,1.609,1.609,1.609,1.609,1.609,1.609,1.609,1.609,1.614,1.614,1.614,1.609,1.609,1.609,1.609,1.609,1.609,1.609,1.609,1.609,1.614,1.614,1.614,1.609,1.609,1.609,1.609,1.609,1.609
08/07/2024,1.609,1.609,1.609,1.609,1.609,1.609,1.609,1.609,1.609,1.609,1.609,1.609,1.609,1.609,1.609,1.609,1.609,1.609,1.609,1.614,1.614,1.614,1.609,1.609,1.609,1.609,1.609,1.609,1.609,1.609,1.609,1.614,1.614,1.609,1.609,1.609,1.609,1.609,1.609,1.609
09/07/2024,1.609,1.609,1.609,1.609,1.609,1.609,1.609,1.609,1.609,1.609,1.609,1.609,1.609,1.609,1.609,1.609,1.609,1.609,1.609,1.614,1.614,1.614,1.609,1.609,1.609,1.609,1.609,1.609,1.609,1.609,1.609,1.614,1.614,1.614,1.609,1.609,1.609,1.609,1.609,1.609
10/07/2024,1.609,1.609,1.609,1.609,1.609,1.609,1.609,1.609,1.609,1.609,1.609,1.609,1.609,1.609,1.609,1.609,1.609,1.609,1.609,1.614,1.614,1.614,1.609,1.609,1.609,1.609,1.609,1.609,1.609,1.609,1.609,1.614,1.614,1.609,1.609,1.609,1.609,1.609,1.609,1.609
11/07/2024,1.609,1.609,1.609,1.609,1.609,1.609,1.609,1.609,1.609,1.609,1.609,1.609,1.609,1.609,1.609,1.609,1.609,1.609,1.609,1.614,1.614,1.614,1.609,1.609,1.609,1.609,1.609,1.609,1.609,1.609,1.609,1.614,1.614,1.609,1.609,1.609,1.609,1.609,1.609,1.609
12/07/2024,1.609,1.609,1.609,1.609,1.609,1.609,1.609,1.609,1.609,1.609,1.609,1.609,1.609,1.609,1.609,1.609,1.609,1.609,1.609,1.614,1.614,1.614,1.609,1.614,1.614,1.614,1.614,1.614,1.614,1.614,1.614,1.619,1.619,1.614,1.614,1.614,1.614,1.614,1.614,1.614
13/07/2024,1.614,1.614,1.614,1.614,1.614,1.609,1.609,1.609,1.609,1.609,1.609,1.609,1.609,1.609,1.609,1.609,1.609,1.609,1.609,1.614,1.614,1.614,1.609,1.609,1.609,1.609,1.609,1.609,1.609,1.609,1.609,1.614,1.614,1.609,1.609,1.609,1.609,1.609,1.609,1.609
14/07/2024,1.609,1.609,1.609,1.609,1.609,1.609,1.609,1.609,1.609,1.609,1.609,1.609,1.609,1.609,1.609,1.609,1.609,1.609,1.609,1.614,1.614,1.614,1.609,1.609,1.609,1.609,1.609,1.609,1.609,1.609,1.609,1.614,1.614,1.609,1.609,1.609,1.609,1.609,1.609,1.609
15/07/2024,1.609,1.609,1.609,1.609,1.609,1.609,1.609,1.609,1.609,1.609,1.609,1.609,1.609,1.609,1.609,1.609,1.609,1.609,1.609,1.614,1.614,1.614,1.609,1.609,1.609,1.609,1.609,1.609,1.609,1.609,1.609,1.614,1.614,1.609,1.609,1.609,1.609,1.609,1.609,1.609
16/07/2024,1.609,1.609,1.609,1.609,1.609,1.609,1.609,1.609,1.609,1.609,1.609,1.609,1.609,1.609,1.609,1.609,1.609,1.609,1.609,1.614,1.614,1.614,1.609,1.609,1.609,1.609,1.609,1.609,1.609,1.609,1.609,1.614,1.614,1.609,1.609,1.609,1.609,1.609,1.609,1.609
17/07/2024,1.609,1.609,1.609,1.609,1.609,1.609,1.609,1.609,1.609,1.609,1.609,1.609,1.609,1.609,1.609,1.609,1.609,1.609,1.609,1.614,1.614,1.609,1.609,1.609,1.609,1.609,1.609,1.609,1.609,1.609,1.609,1.614,1.614,1.609,1.609,1.609,1.609,1.609,1.609,1.609
18/07/2024,1.609,1.609,1.609,1.609,1.609,1.609,1.609,1.609,1.609,1.609,1.609,1.609,1.609,1.609,1.609,1.609,1.609,1.609,1.609,1.614,1.614,1.614,1.609,1.609,1.609,1.609,1.609,1.609,1.609,1.609,1.609,1.614,1.614,1.609,1.609,1.609,1.609,1.609,1.609,1.609
19/07/2024,1.609,1.609,1.609,1.609,1.609,1.609,1.609,1.609,1.609,1.609,1.609,1.609,1.609,1.609,1.609,1.609,1.609,1.609,1.609,1.614,1.614,1.614,1.609,1.619,1.619,1.619,1.619,1.619,1.619,1.619,1.619,1.624,1.624,1.619,1.619,1.619,1.619,1.619,1.619,1.619
20/07/2024,1.619,1.619,1.619,1.619,1.619,1.609,1.609,1.609,1.609,1.609,1.609,1.609,1.609,1.609,1.609,1.609,1.609,1.609,1.609,1.609,1.614,1.614,1.609,1.609,1.609,1.609,1.609,1.609,1.609,1.609,1.609,1.614,1.614,1.609,1.609,1.609,1.609,1.609,1.609,1.609
21/07/2024,1.609,1.609,1.609,1.609,1.609,1.609,1.609,1.609,1.609,1.609,1.609,1.609,1.609,1.609,1.609,1.609,1.609,1.609,1.609,1.614,1.614,1.614,1.609,1.609,1.609,1.609,1.609,1.609,1.609,1.609,1.609,1.614,1.614,1.614,1.609,1.609,1.609,1.609,1.609,1.609
22/07/2024,1.609,1.609,1.609,1.609,1.609,1.609,1.609,1.609,1.609,1.609,1.609,1.609,1.609,1.609,1.609,1.609,1.609,1.609,1.609,1.614,1.614,1.614,1.609,,,1.609,1.609,1.609,1.609,1.609,1.609,1.614,1.614,1.609,1.609,1.609,1.609,1.609,1.609,1.609
23/07/2024,1.609,1.609,1.609,1.609,1.609,1.609,1.609,1.609,1.609,1.609,1.609,1.609,1.609,1.609,1.609,1.609,1.609,1.609,1.609,1.614,1.614,1.614,1.609,1.609,1.609,1.609,1.609,1.609,1.609,1.609,1.609,1.614,1.614,1.614,1.609,1.609,1.609,1.609,1.609,1.609
24/07/2024,1.609,1.609,1.609,1.609,1.609,1.609,1.609,1.609,1.609,1.609,1.609,1.609,1.609,1.609,1.609,1.609,1.609,1.609,1.609,1.614,1.614,1.614,1.614,1.609,1.609,1.609,1.609,1.609,1.609,1.609,1.609,1.614,1.614,1.609,1.609,1.609,1.609,1.609,1.609,1.609
25/07/2024,1.609,1.609,1.609,1.609,1.609,1.609,1.609,1.609,1.609,1.609,1.609,1.609,1.609,1.609,1.609,1.609,1.609,1.609,1.609,1.614,1.614,1.614,1.609,1.609,1.609,1.609,1.609,1.609,1.609,1.609,1.609,1.614,1.614,1.614,1.614,1.609,1.609,1.609,1.609,1.609
26/07/2024,1.609,1.609,1.609,1.609,1.609,1.609,1.609,1.609,1.609,1.609,1.609,1.609,1.609,1.609,1.609,1.609,1.609,1.609,1.609,1.609,1.609,1.609,1.609,1.614,1.614,1.614,1.614,1.614,1.614,1.614,1.614,1.619,1.619,1.614,1.614,1.614,1.614,1.614,1.614,1.614
27/07/2024,1.614,1.614,1.614,1.614,1.614,1.609,1.609,1.609,1.609,1.609,1.609,1.609,1.609,1.609,1.609,1.609,1.609,1.609,1.609,1.614,1.614,1.614,1.609,1.609,1.609,1.609,1.609,1.609,1.609,1.609,1.609,1.614,1.614,1.609,1.609,1.609,1.609,1.609,1.609,1.609
28/07/2024,1.609,1.609,1.609,1.609,1.609,1.609,1.609,1.609,1.609,1.609,1.609,1.609,1.609,1.609,1.609,1.609,1.609,1.609,1.609,1.609,1.609,1.609,1.609,1.609,1.609,1.609,1.609,1.609,1.609,1.609,1.609,1.609,1.609,1.609,1.609,1.609,1.609,1.609,1.609,1.609
29/07/2024,1.609,1.609,1.609,1.609,1.609,1.609,1.609,1.609,1.609,1.609,1.609,1.609,1.609,1.609,1.609,1.609,1.609,1.609,1.609,1.614,1.614,1.614,1.609,1.609,1.609,1.609,1.609,1.609,1.609,1.609,1.609,1.614,1.614,1.614,1.609,1.609,1.609,1.609,1.609,1.609
30/07/2024,1.609,1.609,1.609,1.609,1.609,1.609,1.609,1.609,1.609,1.609,1.609,1.609,1.609,1.609,1.609,1.609,1.609,1.609,1.609,1.614,1.614,1.614,1.609,1.609,1.609,1.609,1.609,1.609,1.609,1.609,1.609,1.614,1.614,1.614,1.614,1.614,1.614,1.609,1.609,1.609
31/07/2024,1.609,1.609,1.609,1.609,1.609,1.609,1.609,1.609,1.609,1.609,1.609,1.609,1.609,1.609,1.609,1.609,1.609,1.609,1.609,1.614,1.614,1.614,1.609,1.609,1.609,1.609,1.609,1.609,1.609,1.609,1.609,1.614,1.614,1.614,1.609,1.609,1.609,1.609,1.609,1.609
01/08/2024,1.609,1.609,1.609,1.609,1.609,1.609,1.609,1.609,1.609,1.609,1.609,1.609,1.609,1.609,1.609,1.609,1.609,1.609,1.609,1.609,1.614,1.614,1.609,1.609,1.609,1.609,1.609,1.609,1.609,1.609,1.609,1.614,1.614,1.614,1.609,1.609,1.609,1.609,1.609,1.609
02/08/2024,1.609,1.609,1.609,1.609,1.609,1.609,1.609,1.609,1.609,1.609,1.609,1.609,1.609,1.609,1.609,1.609,1.609,1.609,1.609,1.614,1.614,1.614,1.609,1.614,1.614,1.614,1.614,1.614,1.614,1.614,1.614,1.619,1.619,1.619,1.614,1.614,1.614,1.614,1.614,1.614
03/08/2024,1.614,1.614,1.614,1.614,1.614,1.609,1.609,1.609,1.609,1.609,1.609,1.609,1.609,1.609,1.609,1.609,1.609,1.609,1.609,1.614,1.614,1.614,1.609,1.609,1.609,1.609,1.609,1.609,1.609,1.609,1.609,1.614,1.614,1.609,1.609,1.609,1.609,1.609,1.609,1.609
04/08/2024,1.609,1.609,1.609,1.609,1.609,1.609,1.609,1.609,1.609,1.609,1.609,1.609,1.609,1.609,1.609,1.609,1.609,1.609,1.609,1.614,1.614,1.614,1.609,1.609,1.609,1.609,1.609,1.609,1.609,1.609,1.609,1.609,1.609,1.609,1.609,1.609,1.609,1.614,1.614,1.614
05/08/2024,1.614,1.614,1.614,1.614,1.614,1.614,1.614,1.614,1.614,1.614,1.614,1.614,1.614,1.614,1.614,1.614,1.614,1.614,1.614,1.614,1.614,1.614,1.614,1.614,1.614,1.614,1.614,1.614,1.614,1.614,1.614,1.614,1.614,1.614,1.609,1.609,1.609,1.609,1.609,1.609
06/08/2024,1.609,1.609,1.609,1.609,1.609,1.609,1.609,1.609,1.609,1.609,1.609,1.609,1.609,1.609,1.609,1.609,1.609,1.609,1.609,1.614,1.614,1.614,1.609,1.609,1.609,1.609,1.609,1.609,1.609,1.609,1.609,1.614,1.614,1.614,1.609,1.609,1.609,1.609,1.609,1.609
07/08/2024,1.609,1.609,1.609,1.609,1.609,1.609,1.609,1.609,1.609,1.609,1.609,1.609,1.609,1.609,1.609,1.609,1.609,1.609,1.609,1.614,1.614,1.609,1.609,1.609,1.609,1.609,1.609,1.609,1.609,1.609,1.609,1.614,1.614,1.609,1.609,1.609,1.609,1.609,1.609,1.609
08/08/2024,1.609,1.609,1.609,1.609,1.609,1.609,1.609,1.609,1.609,1.609,1.609,1.609,1.609,1.609,1.609,1.609,1.609,1.609,1.609,1.604,1.604,1.604,1.599,1.599,1.599,1.599,1.599,1.599,1.599,1.599,1.599,1.604,1.604,1.599,1.599,1.599,1.599,1.599,1.599,1.599
09/08/2024,1.599,1.599,1.599,1.599,1.599,1.599,1.599,1.599,1.599,1.599,1.599,1.599,1.599,1.599,1.599,1.599,1.599,1.599,1.599,1.604,1.604,1.604,1.599,1.599,1.604,1.604,1.604,1.604,1.604,1.604,1.604,1.609,1.609,1.604,1.604,1.604,1.604,1.604,1.604,1.604
10/08/2024,1.604,1.604,1.604,1.604,1.604,1.599,1.599,1.599,1.599,1.599,1.599,1.599,1.599,1.599,1.599,1.599,1.599,1.599,1.599,1.604,1.604,1.604,1.599,1.599,1.599,1.599,1.599,1.599,1.599,1.599,1.599,1.604,1.604,1.599,1.599,1.599,1.599,1.599,1.599,1.599
11/08/2024,1.599,1.599,1.599,1.599,1.599,1.599,1.599,1.599,1.599,1.599,1.599,1.599,1.599,1.599,1.599,1.599,1.599,1.599,1.599,1.599,1.604,1.604,1.604,1.599,1.599,1.599,1.599,1.599,1.599,1.599,1.599,1.604,1.604,1.599,1.599,1.599,1.599,1.599,1.599,1.599
12/08/2024,1.599,1.599,1.599,1.599,1.599,1.599,1.599,1.599,1.599,1.599,1.599,1.599,1.599,1.599,1.599,1.599,1.599,1.599,1.599,1.604,1.604,1.604,1.599,1.599,1.599,1.599,1.599,1.599,1.599,1.599,1.599,1.604,1.604,1.599,1.599,1.599,1.599,1.599,1.599,1.599
13/08/2024,1.599,1.599,1.599,1.599,1.599,1.599,1.599,1.599,1.599,1.599,1.599,1.599,1.599,1.599,1.599,1.599,1.599,1.599,1.599,1.604,1.604,1.604,1.599,1.599,1.599,1.599,1.599,1.599,1.599,1.599,1.599,1.604,1.604,1.599,1.599,1.599,1.599,1.599,1.599,1.599
14/08/2024,1.599,1.599,1.599,1.599,1.599,1.599,1.599,1.599,1.599,1.599,1.599,1.599,1.599,1.599,1.599,1.599,1.599,1.599,1.599,1.604,1.604,1.599,1.599,1.599,1.609,1.609,1.609,1.609,1.609,1.609,1.609,1.614,1.614,1.609,1.609,1.609,1.609,1.609,1.609,1.609
15/08/2024,1.609,1.609,1.609,1.609,1.609,1.599,1.599,1.599,1.599,1.599,1.599,1.599,1.599,1.599,1.599,1.599,1.599,1.599,1.599,1.604,1.604,1.604,1.599,1.599,1.599,1.599,1.599,1.599,1.599,1.599,1.599,1.604,1.604,1.599,1.599,1.599,1.599,1.599,1.599,1.599
16/08/2024,1.599,1.599,1.599,1.599,1.599,1.599,1.599,1.599,1.599,1.599,1.599,1.599,1.599,1.599,1.599,1.599,1.599,1.599,1.599,1.604,1.604,1.604,1.599,1.604,1.604,1.604,1.604,1.604,1.604,1.604,1.604,1.609,1.609,1.604,1.604,1.604,1.604,1.604,1.604,1.604
17/08/2024,1.604,1.604,1.604,1.604,1.604,1.599,1.599,1.599,1.599,1.599,1.599,1.599,1.599,1.599,1.599,1.599,1.599,1.599,1.599,1.604,1.604,1.604,1.599,1.599,1.599,1.599,1.599,1.599,1.599,1.599,1.599,1.604,1.604,1.599,1.599,1.599,1.599,1.599,1.599,1.599
18/08/2024,1.599,1.599,1.599,1.599,1.599,1.599,1.599,1.599,1.599,1.599,1.599,1.599,1.599,1.599,1.599,1.599,1.599,1.599,1.599,1.604,1.604,1.604,1.599,1.599,1.599,1.599,1.599,1.599,1.599,1.599,1.599,1.604,1.604,1.599,1.599,1.599,1.599,1.599,1.599,1.599
19/08/2024,1.599,1.599,1.599,1.599,1.599,1.599,1.599,1.599,1.599,1.599,1.599,1.599,1.599,1.599,1.599,1.599,1.599,1.599,1.599,1.604,1.604,1.604,1.599,1.599,1.599,1.599,1.599,1.599,1.599,1.599,1.599,1.604,1.604,1.599,1.599,1.599,1.599,1.599,1.599,1.599
20/08/2024,1.599,1.599,1.599,1.599,1.599,1.599,1.599,1.599,1.599,1.599,1.599,1.599,1.599,1.599,1.599,1.599,1.599,1.599,1.599,1.604,1.604,1.604,1.599,1.599,1.599,1.599,1.599,1.599,1.599,1.599,1.599,1.604,1.604,1.604,1.599,1.599,1.599,1.599,1.599,1.599
21/08/2024,1.599,1.599,1.599,1.599,1.599,1.599,1.599,1.599,1.599,1.599,1.599,1.599,1.599,1.599,1.599,1.599,1.599,1.599,1.599,1.604,1.604,1.599,1.599,1.599,1.599,1.599,1.599,1.599,1.599,1.599,1.599,1.604,1.604,1.599,1.599,1.599,1.599,1.599,1.599,1.599
22/08/2024,1.599,1.599,1.599,1.599,1.599,1.599,1.599,1.599,1.599,1.599,1.599,1.599,1.599,1.599,1.599,1.599,1.599,1.599,1.599,1.604,1.604,1.604,1.599,1.599,1.599,1.599,1.599,1.599,1.599,1.599,1.599,1.604,1.604,1.599,1.599,1.599,1.599,1.599,1.599,1.599
23/08/2024,1.599,1.599,1.599,1.599,1.599,1.599,1.599,1.599,1.599,1.599,1.599,1.599,1.599,1.599,1.599,1.599,1.599,1.599,1.599,1.604,1.604,1.604,1.599,1.599,1.604,1.604,1.604,1.604,1.604,1.604,1.604,1.609,1.609,1.609,1.609,1.609,1.609,1.609,1.609,1.609
24/08/2024,1.609,1.609,1.609,1.609,1.609,1.609,1.609,1.609,1.609,1.579,1.579,1.579,1.579,1.579,1.579,1.579,1.579,1.579,1.579,1.584,1.584,1.584,1.579,1.579,1.579,1.579,1.579,1.579,1.579,1.579,1.579,1.584,1.584,1.579,1.579,1.579,1.579,1.579,1.579,1.579
25/08/2024,1.579,1.579,1.579,1.579,1.579,1.579,1.579,1.579,1.579,1.579,1.579,1.579,1.579,1.579,1.579,1.579,1.579,1.579,1.579,1.584,1.584,1.584,1.579,1.579,1.579,1.579,1.579,1.579,1.579,1.579,1.579,1.584,1.584,1.579,1.579,1.579,1.579,1.579,1.579,1.579
26/08/2024,1.579,1.579,1.579,1.579,1.579,1.579,1.579,1.579,1.579,1.579,1.579,1.579,1.579,1.579,1.579,1.579,1.579,1.579,1.579,1.584,1.584,1.584,1.579,1.579,1.579,1.579,1.579,1.579,1.579,1.579,1.579,1.584,1.584,1.579,1.579,1.579,1.579,1.579,1.579,1.579
27/08/2024,1.579,1.579,1.579,1.579,1.579,1.579,1.579,1.579,1.579,1.579,1.579,1.579,1.579,1.579,1.579,1.579,1.579,1.579,1.579,1.584,1.584,1.584,1.579,1.579,1.579,1.579,1.579,1.579,1.579,1.579,1.579,1.584,1.584,1.579,1.579,1.579,1.579,1.579,1.579,1.579
28/08/2024,1.579,1.579,1.579,1.579,1.579,1.579,1.579,1.579,1.579,1.579,1.579,1.579,1.579,1.579,1.579,1.579,1.579,1.579,1.579,1.584,1.584,1.579,1.579,1.579,1.579,1.579,1.579,1.579,1.579,1.579,1.579,1.584,1.584,1.579,1.579,1.579,1.579,1.579,1.579,1.579
29/08/2024,1.579,1.579,1.579,1.579,1.579,1.579,1.579,1.579,1.579,1.579,1.579,1.579,1.579,1.579,1.579,1.579,1.579,1.579,1.579,1.584,1.584,1.584,1.579,1.579,1.579,1.579,1.579,1.579,1.579,1.579,1.579,1.584,1.584,1.579,1.579,1.579,1.579,1.579,1.579,1.579
30/08/2024,1.579,1.579,1.579,1.579,1.579,1.579,1.579,1.579,1.579,1.579,1.579,1.579,1.579,1.579,1.579,1.579,1.579,1.579,1.579,1.584,1.584,1.584,1.579,1.494,1.494,1.494,1.494,1.494,1.494,1.494,1.494,1.499,1.499,1.494,1.494,1.494,1.494,1.494,1.494,1.494
31/08/2024,1.494,1.494,1.494,1.494,1.494,1.489,1.489,1.489,1.489,1.489,1.489,1.489,1.489,1.489,1.489,1.489,1.489,1.489,1.489,1.494,1.494,1.494,1.489,1.489,1.489,1.489,1.489,1.489,1.489,1.489,1.489,1.494,1.494,1.489,1.489,1.489,1.489,1.489,1.489,1.489
01/09/2024,1.489,1.489,1.489,1.489,1.489,1.489,1.489,1.489,1.489,1.489,1.489,1.489,1.489,1.489,1.489,1.489,1.489,1.489,1.489,1.489,1.489,1.489,1.489,1.489,1.489,1.489,1.489,1.489,1.489,1.489,1.489,1.489,1.489,1.489,1.489,1.489,1.489,1.489,1.489,1.489
02/09/2024,1.489,1.489,1.489,1.489,1.489,1.489,1.489,1.489,1.489,1.489,1.489,1.489,1.489,1.489,1.489,1.489,1.489,1.489,1.489,1.554,1.554,1.554,1.549,1.549,1.549,1.549,1.549,1.549,1.549,1.549,1.549,1.554,1.554,1.549,1.549,1.549,1.549,1.549,1.549,1.549
03/09/2024,1.549,1.549,1.549,1.549,1.549,1.549,1.549,1.549,1.549,1.549,1.549,1.549,1.549,1.549,1.549,1.549,1.549,1.549,1.549,1.554,1.554,1.554,1.549,1.549,1.549,1.549,1.549,1.549,1.549,1.549,1.549,1.554,1.554,1.554,1.549,1.549,1.549,1.549,1.549,1.549
04/09/2024,1.549,1.549,1.549,1.549,1.549,1.549,1.549,1.549,1.549,1.549,1.549,1.549,1.549,1.549,1.549,1.549,1.549,1.549,1.549,1.554,1.554,1.549,1.549,1.549,1.549,1.549,1.549,1.549,1.549,1.549,1.549,1.549,1.549,1.549,1.549,1.549,1.549,1.549,1.549,1.549
05/09/2024,1.549,1.549,1.549,1.549,1.549,1.549,1.549,1.549,1.549,1.549,1.549,1.549,1.549,1.549,1.549,1.549,1.549,1.549,1.549,1.549,1.554,1.554,1.549,1.549,1.549,1.549,1.549,1.549,1.549,1.549,1.549,1.554,1.554,1.549,1.549,1.549,1.549,1.549,1.549,1.549
06/09/2024,1.549,1.549,1.549,1.549,1.549,1.529,1.529,1.529,1.529,1.529,1.529,1.529,1.529,1.529,1.529,1.529,1.529,1.529,1.529,1.534,1.534,1.534,1.529,1.534,1.534,1.534,1.534,1.534,1.534,1.534,1.534,1.539,1.539,1.534,1.534,1.534,1.534,1.534,1.534,1.534
07/09/2024,1.534,1.534,1.534,1.534,1.534,1.529,1.529,1.529,1.529,1.529,1.529,1.529,1.529,1.529,1.529,1.529,1.529,1.529,1.529,1.534,1.534,1.534,1.529,1.529,1.529,1.529,1.529,1.529,1.529,1.529,1.529,1.534,1.534,1.529,1.529,1.529,1.529,1.529,1.529,1.529
08/09/2024,1.529,1.529,1.529,1.529,1.529,1.529,1.529,1.529,1.529,1.529,1.529,1.529,1.529,1.529,1.529,1.529,1.529,1.529,1.529,1.529,1.529,1.529,1.529,1.529,1.529,1.529,1.529,1.529,1.529,1.529,1.529,1.534,1.534,1.534,1.529,1.529,1.529,1.529,1.529,1.529
09/09/2024,1.529,1.529,1.529,1.529,1.529,1.529,1.529,1.529,1.529,1.529,1.529,1.529,1.529,1.529,1.529,1.529,1.529,1.529,1.529,1.534,1.534,1.534,1.529,1.529,1.529,1.529,1.529,1.529,1.529,1.529,1.529,1.534,1.534,1.529,1.529,1.529,1.529,1.529,1.529,1.529
10/09/2024,1.529,1.529,1.529,1.529,1.529,1.529,1.529,1.529,1.529,1.529,1.529,1.529,1.529,1.529,1.529,1.529,1.529,1.529,1.529,1.534,1.534,1.534,1.529,1.489,1.489,1.489,1.489,1.489,1.489,1.489,1.489,1.494,1.494,1.489,1.489,1.489,1.489,1.489,1.489,1.489
11/09/2024,1.489,1.489,1.489,1.489,1.489,1.489,1.489,1.489,1.489,1.489,1.489,1.489,1.489,1.489,1.489,1.489,1.489,1.489,1.489,1.494,1.494,1.494,1.489,1.489,1.489,1.489,1.489,1.489,1.489,1.489,1.489,1.489,1.489,1.489,1.489,1.489,1.489,1.489,1.489,1.489
12/09/2024,1.489,1.489,1.489,1.489,1.489,1.489,1.489,1.489,1.489,1.489,1.489,1.489,1.489,1.489,1.489,1.489,1.489,1.489,1.489,1.489,1.494,1.494,1.489,1.489,1.489,1.489,1.489,1.489,1.489,1.489,1.489,1.494,1.494,1.494,1.489,1.489,1.489,1.489,1.489,1.489
13/09/2024,1.489,1.489,1.489,1.489,1.489,1.489,1.489,1.489,1.489,1.489,1.489,1.489,1.489,1.489,1.489,1.489,1.489,1.489,1.489,1.494,1.494,1.494,1.489,1.484,1.484,1.484,1.484,1.484,1.484,1.484,1.484,1.489,1.489,1.489,1.484,1.484,1.484,1.484,1.484,1.484
14/09/2024,1.484,1.484,1.484,1.484,1.484,1.479,1.479,1.479,1.479,1.479,1.479,1.479,1.479,1.479,1.479,1.479,1.479,1.479,1.479,1.484,1.484,1.484,1.479,1.479,1.479,1.479,1.479,1.479,1.479,1.479,1.479,1.484,1.484,1.484,1.479,1.479,1.479,1.479,1.479,1.479
15/09/2024,1.479,1.479,1.479,1.479,1.479,1.479,1.479,1.479,1.479,1.479,1.479,1.479,1.479,1.479,1.479,1.479,1.479,1.479,1.479,1.479,1.479,1.479,1.479,1.479,1.479,1.479,1.479,1.479,1.479,1.479,1.479,1.479,1.479,1.479,1.479,1.479,1.479,1.479,1.479,1.479
16/09/2024,1.479,1.479,1.479,1.479,1.479,1.479,1.479,1.479,1.479,1.479,1.479,1.479,1.479,1.479,1.479,1.479,1.479,1.479,1.479,1.484,1.484,1.479,1.479,1.484,1.484,1.484,1.484,1.484,1.484,1.484,1.489,1.489,1.489,1.484,1.484,1.484,1.484,1.484,1.484,1.484
17/09/2024,1.484,1.484,1.484,1.484,1.484,1.479,1.479,1.479,1.479,1.479,1.479,1.479,1.479,1.479,1.479,1.479,1.479,1.479,1.479,1.484,1.484,1.479,1.479,1.479,1.479,1.479,1.479,1.479,1.479,1.479,1.484,1.484,1.484,1.479,1.479,1.479,1.479,1.479,1.479,1.479
18/09/2024,1.479,1.479,1.479,1.479,1.479,1.479,1.479,1.479,1.479,1.479,1.479,1.479,1.479,1.479,1.479,1.479,1.479,1.479,1.479,1.484,1.484,1.484,1.479,1.479,1.479,1.479,1.479,1.479,1.479,1.479,1.479,1.484,1.484,1.479,1.479,1.479,1.479,1.479,1.479,1.479
19/09/2024,1.479,1.479,1.479,1.479,1.479,1.479,1.479,1.479,1.479,1.479,1.479,1.479,1.479,1.479,1.479,1.479,1.479,1.479,1.479,1.474,1.474,1.469,1.469,1.469,1.469,1.469,1.469,1.469,1.469,1.469,1.474,1.474,1.474,1.469,1.469,1.469,1.469,1.469,1.469,1.469
20/09/2024,1.469,1.469,1.469,1.469,1.469,1.469,1.469,1.469,1.469,1.469,1.469,1.469,1.469,1.469,1.469,1.469,1.469,1.469,1.469,1.474,1.474,1.474,1.469,1.469,1.469,1.469,1.469,1.469,1.469,1.469,1.474,1.474,1.474,1.469,1.469,1.469,1.469,1.469,1.469,1.469
21/09/2024,1.469,1.469,1.469,1.469,1.469,1.469,1.469,1.469,1.469,1.469,1.469,1.469,1.469,1.469,1.469,1.469,1.469,1.469,1.469,1.469,1.469,1.469,1.469,1.469,1.469,1.469,1.469,1.469,1.469,1.469,1.469,1.469,1.469,1.469,1.469,1.469,1.469,1.469,1.469,1.469
22/09/2024,1.469,1.469,1.469,1.469,1.469,1.469,1.469,1.469,1.469,1.469,1.469,1.469,1.469,1.469,1.469,1.469,1.469,1.469,1.469,1.469,1.469,1.469,1.469,1.469,1.469,1.469,1.469,1.469,1.469,1.469,1.469,1.469,1.469,1.469,1.469,1.469,1.469,1.469,1.469,1.469
23/09/2024,1.469,1.469,1.469,1.469,1.469,1.469,1.469,1.469,1.469,1.469,1.469,1.469,1.469,1.469,1.469,1.469,1.469,1.469,1.469,1.469,1.469,1.469,1.469,1.469,1.469,1.469,1.469,1.469,1.469,1.469,1.469,1.469,1.469,1.469,1.479,1.479,1.479,1.479,1.479,1.479
24/09/2024,1.479,1.479,1.479,1.479,1.479,1.469,1.469,1.469,1.469,1.469,1.469,1.469,1.469,1.469,1.469,1.469,1.469,1.469,1.469,1.474,1.474,1.469,1.469,1.469,1.469,1.469,1.469,1.469,1.469,1.469,1.474,1.474,1.474,1.469,1.469,1.469,1.469,1.469,1.469,1.469
25/09/2024,1.469,1.469,1.469,1.469,1.469,1.469,1.469,1.469,1.469,1.469,1.469,1.469,1.469,1.469,1.469,1.469,1.469,1.469,1.469,1.474,1.474,1.474,1.469,1.469,1.469,1.469,1.469,1.469,1.469,1.469,1.469,1.474,1.474,1.474,1.469,1.469,1.469,1.469,1.469,1.469
26/09/2024,1.469,1.469,1.469,1.469,1.469,1.469,1.469,1.469,1.469,1.469,1.469,1.469,1.469,1.469,1.469,1.469,1.469,1.469,1.469,1.474,1.474,1.469,1.469,1.469,1.469,1.469,1.469,1.469,1.469,1.469,1.474,1.474,1.474,1.469,1.469,1.469,1.469,1.469,1.469,1.469
27/09/2024,1.469,1.469,1.469,1.469,1.469,1.469,1.469,1.469,1.469,1.469,1.469,1.469,1.469,1.469,1.469,1.469,1.469,1.469,1.469,1.474,1.474,1.469,1.469,1.469,1.474,1.474,1.474,1.474,1.474,1.474,1.479,1.479,1.479,1.474,1.474,1.474,1.474,1.474,1.474,1.474
28/09/2024,1.474,1.474,1.474,1.474,1.474,1.469,1.469,1.469,1.469,1.469,1.469,1.469,1.469,1.469,1.469,1.469,1.469,1.469,1.469,1.474,1.474,1.474,1.469,1.469,1.469,1.469,1.469,1.469,1.469,1.469,1.469,1.474,1.474,1.474,1.474,1.469,1.469,1.469,1.469,1.469
29/09/2024,1.469,1.469,1.469,1.469,1.469,1.469,1.469,1.469,1.469,1.469,1.469,1.469,1.469,1.469,1.469,1.469,1.469,1.469,1.469,1.474,1.474,1.474,1.474,1.469,1.469,1.469,1.469,1.469,1.469,1.469,1.469,1.474,1.474,1.474,1.469,1.469,1.469,1.469,1.469,1.469
30/09/2024,1.469,1.469,1.469,1.469,1.469,1.469,1.469,1.469,1.469,1.469,1.469,1.469,1.469,1.469,1.469,1.469,1.469,1.469,1.469,1.474,1.474,1.474,1.469,1.469,1.469,1.469,1.469,1.469,1.469,1.469,1.474,1.474,1.474,1.469,1.469,1.469,1.469,1.469,1.469,1.469
01/10/2024,1.469,1.469,1.469,1.469,1.469,1.469,1.469,1.469,1.469,1.469,1.469,1.469,1.469,1.469,1.469,1.469,1.469,1.469,1.469,1.474,1.474,1.469,1.469,1.469,1.469,1.469,1.469,1.469,1.469,1.469,1.474,1.474,1.474,1.474,1.474,1.474,1.474,1.474,1.474,1.474
02/10/2024,1.474,1.474,1.474,1.474,1.474,1.469,1.469,1.469,1.469,1.469,1.469,1.469,1.469,1.469,1.469,1.469,1.469,1.469,1.469,1.474,1.474,1.474,1.469,1.469,1.469,1.469,1.469,1.469,1.469,1.469,1.469,1.474,1.474,1.474,1.474,1.474,1.474,1.474,1.474,1.474
03/10/2024,1.474,1.474,1.474,1.474,1.474,1.474,1.474,1.474,1.474,1.474,1.474,1.474,1.474,1.474,1.474,1.474,1.474,1.474,1.474,1.474,1.474,1.469,1.469,1.469,1.469,1.469,1.469,1.469,1.469,1.469,1.474,1.474,1.474,1.469,1.469,1.469,1.469,1.469,1.469,1.469
04/10/2024,1.469,1.469,1.469,1.469,1.469,1.469,1.469,1.469,1.469,1.469,1.469,1.469,1.469,1.469,1.469,1.469,1.469,1.469,1.469,1.474,1.474,1.469,1.469,1.469,1.479,1.479,1.479,1.479,1.479,1.479,1.484,1.484,1.484,1.479,1.479,1.479,1.479,1.479,1.479,1.479
05/10/2024,1.479,1.479,1.479,1.479,1.479,1.469,1.469,1.469,1.469,1.469,1.469,1.469,1.469,1.469,1.469,1.469,1.469,1.469,1.469,1.469,1.469,1.469,1.469,1.469,1.469,1.469,1.469,1.469,1.469,1.469,1.469,1.469,1.469,1.469,1.469,1.474,1.474,1.474,1.474,1.474
06/10/2024,1.474,1.474,1.474,1.474,1.474,1.474,1.474,1.474,1.474,1.474,1.474,1.474,1.474,1.474,1.474,1.474,1.474,1.474,1.474,1.474,1.474,1.474,1.474,1.469,1.469,1.469,1.469,1.469,1.469,1.469,1.469,1.474,1.474,1.474,1.469,1.469,1.469,1.469,1.469,1.469
07/10/2024,1.469,1.469,1.469,1.469,1.469,1.469,1.469,1.469,1.469,1.469,1.469,1.469,1.469,1.469,1.469,1.469,1.469,1.469,1.469,1.474,1.474,1.474,1.469,1.469,1.469,1.469,1.469,1.469,1.469,1.469,1.474,1.474,1.469,1.469,1.469,1.469,1.469,1.469,1.469,1.469
08/10/2024,1.469,1.469,1.469,1.469,1.469,1.469,1.469,1.469,1.469,1.469,1.469,1.469,1.469,1.469,1.469,1.469,1.469,1.469,1.469,1.474,1.474,1.469,1.469,1.469,1.469,1.469,1.469,1.469,1.469,1.469,1.474,1.474,1.474,1.469,1.469,1.469,1.469,1.469,1.469,1.469
09/10/2024,1.469,1.469,1.469,1.469,1.469,1.469,1.469,1.469,1.469,1.469,1.469,1.469,1.469,1.469,1.469,1.469,1.469,1.469,1.469,1.474,1.474,1.474,1.469,1.469,1.469,1.469,1.469,1.469,1.469,1.469,1.469,1.474,1.474,1.469,1.469,1.469,1.469,1.469,1.469,1.469
10/10/2024,1.469,1.469,1.469,1.469,1.469,1.469,1.469,1.469,1.469,1.469,1.469,1.469,1.469,1.469,1.469,1.469,1.469,1.469,1.469,1.474,1.474,1.469,1.469,1.469,1.469,1.469,1.469,1.469,1.469,1.469,1.474,1.474,1.474,1.469,1.469,1.469,1.469,1.469,1.469,1.469
11/10/2024,1.469,1.469,1.469,1.469,1.469,1.469,1.469,1.469,1.469,1.469,1.469,1.469,1.469,1.469,1.469,1.469,1.469,1.469,1.469,1.474,1.474,1.469,1.469,1.484,1.484,1.484,1.484,1.484,1.484,1.484,1.489,1.489,1.489,1.484,1.484,1.484,1.484,1.484,1.484,1.484
12/10/2024,1.484,1.484,1.484,1.484,1.484,1.469,1.469,1.469,1.469,1.469,1.469,1.469,1.469,1.469,1.469,1.469,1.469,1.469,1.469,1.474,1.474,1.474,1.469,1.469,1.469,1.469,1.469,1.469,1.469,1.469,1.469,1.474,1.474,1.474,1.474,1.469,1.469,1.469,1.469,1.469
13/10/2024,1.469,1.469,1.469,1.469,1.469,1.469,1.469,1.469,1.469,1.469,1.469,1.469,1.469,1.469,1.469,1.469,1.469,1.469,1.469,1.474,1.474,1.474,1.474,1.469,1.469,1.469,1.469,1.469,1.469,1.469,1.469,1.474,1.474,1.474,1.469,1.469,1.469,1.469,1.469,1.469
14/10/2024,1.469,1.469,1.469,1.469,1.469,1.469,1.469,1.469,1.469,1.469,1.469,1.469,1.469,1.469,1.469,1.469,1.469,1.469,1.469,1.474,1.474,1.469,1.469,1.469,1.469,1.469,1.469,1.469,1.469,1.469,1.474,1.474,1.474,1.469,1.469,1.469,1.469,1.469,1.469,1.469
15/10/2024,1.469,1.469,1.469,1.469,1.469,1.469,1.469,1.469,1.469,1.469,1.469,1.469,1.469,1.469,1.469,1.469,1.469,1.469,1.469,1.474,1.474,1.469,1.469,1.469,1.469,1.469,1.469,1.469,1.469,1.469,1.474,1.474,1.474,1.469,1.469,1.469,1.469,1.469,1.469,1.469
16/10/2024,1.469,1.469,1.469,1.469,1.469,1.469,1.469,1.469,1.469,1.469,1.469,1.469,1.469,1.469,1.469,1.469,1.469,1.469,1.469,1.474,1.474,1.474,1.469,1.469,1.469,1.469,1.469,1.469,1.469,1.469,1.469,1.474,1.474,1.469,1.469,1.469,1.469,1.469,1.469,1.469
17/10/2024,1.469,1.469,1.469,1.469,1.469,1.469,1.469,1.469,1.469,1.469,1.469,1.469,1.469,1.469,1.469,1.469,1.469,1.469,1.469,1.474,1.474,1.469,1.469,1.469,1.469,1.469,1.469,1.469,1.469,1.469,1.474,1.474,1.474,1.469,1.469,1.469,1.469,1.469,1.469,1.469
18/10/2024,1.469,1.469,1.469,1.469,1.469,1.469,1.469,1.469,1.469,1.469,1.469,1.469,1.469,1.469,1.469,1.469,1.469,1.469,1.469,1.474,1.474,1.474,1.469,1.474,1.474,1.474,1.474,1.474,1.474,1.474,1.479,,,,,,,,,
