Date,GALP-TUCIDIDES,GALP-EL VISO,GALP-HERMANN,CARREFOUR,BP CAMINO SUAREZ,PETROPRIX-LICURGO,SHELL27/03/2022,1.809,1.829,1.809,1.829,1.859,1.819,28/03/2022,1.824,1.824,1.809,1.849,1.859,1.819,29/03/2022,1.829,1.879,1.809,1.849,1.889,1.819,30/03/2022,1.774,1.864,1.809,1.799,1.879,1.819,31/03/2022,1.769,1.819,1.809,1.789,1.829,1.789,01/04/2022,1.769,1.814,1.764,1.789,1.829,1.779,02/04/2022,1.764,1.814,1.764,1.789,1.829,1.759,03/04/2022,1.764,1.814,1.764,1.789,1.829,1.759,04/04/2022,1.764,1.814,1.764,1.789,1.829,1.759,05/04/2022,1.764,1.814,1.764,1.799,1.829,1.759,06/04/2022,1.769,1.814,1.764,1.799,1.829,1.759,07/04/2022,1.774,1.814,1.764,1.799,1.829,1.759,08/04/2022,1.764,1.814,1.764,1.789,1.819,1.759,09/04/2022,1.744,1.804,1.764,1.789,1.809,1.759,10/04/2022,1.749,1.804,1.754,1.789,1.809,1.739,11/04/2022,1.754,1.804,1.754,1.779,1.809,1.739,12/04/2022,1.764,1.794,1.744,1.779,1.809,1.719,13/04/2022,1.754,1.794,1.744,1.779,1.809,1.719,14/04/2022,1.754,1.794,1.744,1.779,1.819,1.719,15/04/2022,1.754,1.794,1.744,1.779,1.829,1.719,16/04/2022,1.754,1.794,1.744,1.809,1.859,1.719,17/04/2022,1.784,1.794,1.744,1.809,1.859,1.719,18/04/2022,1.784,1.844,1.764,1.819,1.859,1.719,19/04/2022,1.784,1.844,1.764,1.829,1.859,1.739,20/04/2022,1.804,1.834,1.774,1.829,1.849,1.749,21/04/2022,1.804,1.844,1.774,1.849,1.859,1.769,22/04/2022,1.804,1.844,1.774,1.849,1.869,1.769,23/04/2022,1.824,1.854,1.809,1.849,1.869,1.769,24/04/2022,1.824,1.854,1.809,1.849,1.869,1.769,25/04/2022,1.824,1.854,1.809,1.849,1.869,1.769,26/04/2022,1.824,1.854,1.809,1.869,1.869,1.769,27/04/2022,1.819,1.864,1.809,1.839,1.869,1.769,28/04/2022,1.844,1.879,1.809,1.859,1.869,1.769,29/04/2022,1.839,1.854,1.809,1.879,1.889,1.769,30/04/2022,1.859,1.874,1.809,1.879,1.909,1.789,01/05/2022,1.859,1.874,1.809,1.879,1.909,1.789,02/05/2022,1.864,1.879,1.809,1.879,1.909,1.789,03/05/2022,1.884,1.879,1.809,1.919,1.909,1.789,04/05/2022,1.814,1.874,1.819,1.929,1.929,1.799,05/05/2022,1.849,1.874,1.839,1.919,1.929,1.799,06/05/2022,1.849,1.874,1.839,1.919,1.929,1.819,07/05/2022,1.879,1.929,1.839,1.909,1.949,1.819,08/05/2022,1.874,1.924,1.839,1.909,1.949,1.819,09/05/2022,1.874,1.934,1.869,1.919,1.949,1.819,10/05/2022,1.879,1.939,1.869,1.909,1.959,1.829,11/05/2022,1.859,1.934,1.869,1.909,1.969,1.829,12/05/2022,1.869,1.944,1.859,1.909,1.959,1.839,13/05/2022,1.899,1.944,1.859,1.909,1.949,1.839,14/05/2022,1.899,1.944,1.859,1.909,1.949,1.849,15/05/2022,1.899,1.964,1.889,1.909,1.969,1.849,16/05/2022,1.939,1.964,1.889,1.909,1.969,1.849,17/05/2022,1.959,1.979,1.909,1.959,1.969,1.869,18/05/2022,1.959,1.989,1.909,1.969,2.019,1.869,19/05/2022,1.954,2.009,1.919,1.969,2.019,1.839,20/05/2022,1.909,2.009,1.909,1.969,2.019,1.849,21/05/2022,1.919,2.009,1.909,1.969,2.019,1.849,22/05/2022,1.914,2.009,1.909,1.969,2.019,1.849,23/05/2022,1.914,2.014,1.909,1.999,2.019,1.849,1.84924/05/2022,1.899,2.019,1.909,1.999,2.019,1.849,1.84925/05/2022,1.889,2.019,1.899,1.999,2.019,1.839,1.84926/05/2022,1.944,2.019,1.899,1.999,2.019,1.839,1.84927/05/2022,1.959,2.019,1.909,2.009,2.029,1.839,1.84928/05/2022,1.974,2.019,1.919,2.009,2.069,1.839,1.84929/05/2022,1.974,2.019,1.919,2.009,2.069,1.839,1.84930/05/2022,1.974,2.024,1.919,2.029,2.069,1.859,1.86931/05/2022,1.979,2.059,1.929,2.039,2.079,1.865,1.87401/06/2022,2.004,2.059,1.949,2.059,2.099,1.865,1.89902/06/2022,2.034,2.089,1.989,2.079,2.119,1.885,1.91903/06/2022,2.034,2.104,1.989,2.089,2.149,1.939,1.92904/06/2022,2.034,2.104,2.019,2.089,2.139,1.939,1.92905/06/2022,2.029,2.099,2.019,2.089,2.139,1.939,1.92906/06/2022,2.029,2.099,2.019,2.129,2.139,1.959,1.94907/06/2022,2.024,2.139,2.019,2.129,2.139,1.959,1.96908/06/2022,2.014,2.149,2.029,2.149,2.169,1.999,1.97409/06/2022,2.034,2.164,2.029,2.149,2.189,1.999,2.00910/06/2022,2.059,2.179,2.059,2.159,2.189,1.999,2.00911/06/2022,2.059,2.179,2.059,2.159,2.189,1.999,2.00912/06/2022,2.049,2.169,2.059,2.159,2.189,1.999,2.00913/06/2022,2.049,2.169,2.059,2.169,2.189,1.999,2.00914/06/2022,2.044,2.194,2.049,2.179,2.209,1.999,2.00915/06/2022,2.049,2.199,2.039,2.199,2.209,2.029,2.03916/06/2022,2.029,2.199,2.049,2.219,2.209,2.029,2.03917/06/2022,2.039,2.209,2.049,2.199,2.209,2.025,2.03918/06/2022,2.029,2.199,2.049,2.199,2.199,2.025,2.03919/06/2022,2.029,2.199,2.049,2.199,2.199,2.025,2.03920/06/2022,2.039,2.189,2.049,2.199,2.199,2.025,2.03921/06/2022,2.034,2.179,2.039,2.169,2.199,2.029,2.03922/06/2022,2.029,2.169,2.029,2.179,2.169,2.029,2.03923/06/2022,2.024,2.159,2.029,2.189,2.169,2.019,2.02924/06/2022,2.019,2.159,2.029,2.169,2.169,2.019,2.02925/06/2022,2.019,2.164,2.019,2.139,2.159,2.009,2.02926/06/2022,2.019,2.159,2.019,2.139,2.159,2.009,2.02927/06/2022,2.009,2.149,2.019,2.159,2.159,2.009,2.02928/06/2022,2.014,2.149,2.019,2.169,2.179,2.009,2.01929/06/2022,1.999,2.149,2.009,2.149,2.179,2.009,2.01930/06/2022,1.999,2.174,1.999,2.159,2.169,1.999,2.00901/07/2022,1.999,2.174,1.989,2.159,2.169,1.979,1.99902/07/2022,1.994,2.154,1.989,2.159,2.149,1.979,1.99903/07/2022,1.989,2.149,1.989,2.159,2.149,1.979,1.99904/07/2022,1.979,2.149,1.989,2.159,2.149,1.975,1.98905/07/2022,1.984,2.139,1.979,2.159,2.149,1.975,1.98406/07/2022,1.979,2.139,1.979,2.159,2.149,1.969,1.97907/07/2022,1.969,2.109,1.969,2.119,2.119,1.969,1.96908/07/2022,1.959,2.089,1.969,2.089,2.079,1.959,1.96909/07/2022,1.959,2.089,1.969,2.089,2.079,1.949,1.96910/07/2022,1.959,2.089,1.969,2.089,2.079,1.949,1.96911/07/2022,1.959,2.079,1.959,2.099,2.079,1.949,1.96912/07/2022,1.949,2.079,1.949,2.079,2.089,1.959,1.95913/07/2022,1.949,2.079,1.949,2.079,2.089,1.959,1.96914/07/2022,1.939,2.069,1.949,2.069,2.069,1.949,1.95915/07/2022,1.939,2.059,1.939,2.059,2.059,1.939,1.95916/07/2022,1.944,2.039,1.939,2.039,2.039,1.929,1.94917/07/2022,1.944,2.039,1.939,2.039,2.039,1.919,1.94918/07/2022,1.944,2.034,1.939,2.039,2.039,1.919,1.90919/07/2022,1.929,2.019,1.929,2.019,2.019,1.899,1.90920/07/2022,1.909,1.999,1.919,1.999,2.019,1.899,1.90921/07/2022,1.909,1.989,1.909,1.979,1.979,1.889,1.89922/07/2022,1.899,1.979,1.899,1.949,1.959,1.869,1.89923/07/2022,1.889,1.959,1.889,1.949,1.939,1.859,1.87924/07/2022,1.889,1.949,1.889,1.949,1.939,1.859,1.87925/07/2022,1.889,1.949,1.889,1.949,1.939,1.839,1.87926/07/2022,1.884,1.914,1.879,1.929,1.939,1.839,1.87927/07/2022,1.869,1.909,1.879,1.929,1.939,1.829,1.82928/07/2022,1.849,1.909,1.859,1.899,1.929,1.819,1.82929/07/2022,1.849,1.909,1.849,1.909,1.929,1.819,1.82930/07/2022,1.854,1.909,1.849,1.909,1.929,1.819,1.81931/07/2022,1.854,1.909,1.849,1.909,1.929,1.819,1.81901/08/2022,1.839,1.909,1.839,1.899,1.929,1.799,1.81902/08/2022,1.809,1.899,1.829,1.879,1.909,1.799,1.75903/08/2022,1.819,1.914,1.809,1.889,1.899,1.779,1.80904/08/2022,1.819,1.899,1.809,1.889,1.899,1.779,1.80905/08/2022,1.799,1.879,1.809,1.889,1.899,1.779,1.80906/08/2022,1.799,1.879,1.809,1.889,1.899,1.779,1.80907/08/2022,1.799,1.879,1.809,1.889,1.899,1.779,1.80908/08/2022,1.749,1.879,1.749,1.839,1.859,1.775,1.75909/08/2022,1.739,1.829,1.749,1.839,1.829,1.765,1.75910/08/2022,1.744,1.819,1.739,1.819,1.799,1.709,1.74911/08/2022,1.739,1.824,1.739,1.809,1.809,1.709,1.74912/08/2022,1.734,1.824,1.729,1.799,1.809,1.699,1.74913/08/2022,1.729,1.819,1.729,1.799,1.819,1.699,1.74914/08/2022,1.729,1.809,1.729,1.799,1.819,1.699,1.74915/08/2022,1.724,1.814,1.729,1.799,1.819,1.699,1.74916/08/2022,1.724,1.824,1.729,1.799,1.819,1.699,1.74917/08/2022,1.724,1.824,1.729,1.829,1.819,1.699,1.73918/08/2022,1.724,1.809,1.729,1.799,1.819,1.699,1.73919/08/2022,1.724,1.814,1.729,1.799,1.809,1.699,1.73920/08/2022,1.724,1.809,1.719,1.799,1.809,1.699,1.73921/08/2022,1.724,1.809,1.719,1.799,1.809,1.699,1.73922/08/2022,1.724,1.814,1.719,1.829,1.809,1.699,1.73923/08/2022,1.724,1.829,1.719,1.839,1.839,1.699,1.73924/08/2022,1.724,1.824,1.729,1.819,1.839,1.719,1.73925/08/2022,1.724,1.834,1.729,1.829,1.829,1.721,1.74426/08/2022,1.729,1.839,1.729,1.829,1.819,1.721,1.74427/08/2022,1.719,1.819,1.729,1.829,1.829,1.725,1.74928/08/2022,1.719,1.819,1.729,1.829,1.829,1.725,1.74929/08/2022,1.729,1.829,1.729,1.819,1.829,1.725,1.73430/08/2022,1.724,1.819,1.729,1.809,1.819,1.725,1.73431/08/2022,1.719,1.824,1.729,1.809,1.819,1.715,1.73401/09/2022,1.729,1.819,1.719,1.809,1.819,1.699,1.72402/09/2022,1.729,1.809,1.719,1.799,1.819,1.699,1.70403/09/2022,1.719,1.789,1.719,1.799,1.779,1.699,1.70404/09/2022,1.719,1.789,1.719,1.799,1.779,1.699,1.70405/09/2022,1.709,1.789,1.699,1.779,1.789,1.689,1.69906/09/2022,1.709,1.789,1.699,1.779,1.789,1.689,1.69907/09/2022,1.689,1.784,1.699,1.789,1.799,1.689,1.69908/09/2022,1.694,1.779,1.699,1.789,1.789,1.685,1.69410/09/2022,1.699,1.759,1.689,1.779,1.759,1.649,1.67911/09/2022,1.689,1.734,1.679,1.769,1.739,1.619,1.62912/09/2022,1.689,1.734,1.679,1.769,1.739,1.619,1.62913/09/2022,1.689,1.734,1.679,1.769,1.739,1.619,1.62914/09/2022,1.689,1.734,1.679,1.769,1.739,1.619,1.62915/09/2022,1.694,1.719,1.679,1.769,1.739,1.619,1.62916/09/2022,1.709,1.729,1.679,1.729,1.719,1.619,1.62917/09/2022,1.714,1.709,1.679,1.729,1.709,1.615,1.62918/09/2022,1.714,1.699,1.679,1.729,1.709,1.615,1.62919/09/2022,1.679,1.699,1.679,1.729,1.709,1.615,1.62420/09/2022,1.684,1.689,1.679,1.729,1.709,1.615,1.62421/09/2022,1.674,1.689,1.669,1.719,1.709,1.589,1.61422/09/2022,1.674,1.689,1.659,1.729,1.709,1.589,1.60423/09/2022,1.674,1.689,1.659,1.729,1.709,1.589,1.60423/09/2022,1.679,1.694,1.659,1.729,1.709,1.589,1.59924/09/2022,1.674,1.689,1.659,1.729,1.709,1.589,1.59925/09/2022,1.679,1.694,1.659,1.729,1.709,1.589,1.59926/09/2022,1.674,1.689,1.659,1.699,1.709,1.589,1.59927/09/2022,1.654,1.689,1.649,1.699,1.699,1.589,1.59928/09/2022,1.659,1.694,1.649,1.699,1.699,1.589,1.59929/09/2022,1.669,1.704,1.649,1.719,1.699,1.589,1.60930/09/2022,1.659,1.694,1.649,1.719,1.709,1.589,1.59901/10/2022,1.654,1.689,1.649,1.719,1.719,1.589,1.59902/10/2022,1.654,1.694,1.649,1.719,1.719,1.589,1.59903/10/2022,1.649,1.704,1.649,1.709,1.719,1.589,1.59904/10/2022,1.644,1.699,1.649,1.699,1.709,1.589,1.59905/10/2022,1.644,1.699,1.639,1.709,1.709,1.589,1.59906/10/2022,1.644,1.704,1.639,1.709,1.749,1.589,1.59907/10/2022,1.669,1.724,1.659,1.729,1.749,1.599,1.61908/10/2022,1.664,1.719,1.669,1.749,1.789,1.599,1.61909/10/2022,1.664,1.719,1.669,1.749,1.789,1.599,1.61910/10/2022,1.664,1.779,1.669,1.799,1.799,1.639,1.64911/10/2022,1.664,1.779,1.669,1.799,1.799,1.639,1.64912/10/2022,1.664,1.779,1.669,1.799,1.809,1.649,1.64913/10/2022,1.664,1.789,1.669,1.789,1.809,1.645,1.65914/10/2022,1.669,1.794,1.669,1.789,1.809,1.645,1.65915/10/2022,1.669,1.799,1.669,1.789,1.809,1.645,1.65916/10/2022,1.669,1.799,1.669,1.789,1.809,1.645,1.65917/10/2022,1.664,1.799,1.669,1.799,1.809,1.645,1.65918/10/2022,1.664,1.789,1.659,1.799,1.819,1.645,1.65919/10/2022,1.674,1.799,1.659,1.799,1.809,1.645,1.65920/10/2022,1.674,1.779,1.659,1.789,1.809,1.645,1.65421/10/2022,1.674,1.789,1.659,1.799,1.789,1.645,1.65422/10/2022,1.674,1.789,1.659,1.799,1.789,1.645,1.65423/10/2022,1.674,1.779,1.659,1.799,1.789,1.645,1.65424/10/2022,1.674,1.769,1.659,1.799,1.789,1.645,1.65425/10/2022,1.674,1.769,1.659,1.799,1.789,1.645,1.65426/10/2022,1.674,1.779,1.659,1.799,1.789,1.645,1.65427/10/2022,1.674,1.779,1.659,1.799,1.789,1.645,1.65428/10/2022,1.699,1.784,1.659,1.799,1.789,1.639,1.64929/10/2022,1.704,1.779,1.679,1.799,1.789,1.639,1.64930/10/2022,1.704,1.779,1.679,1.799,1.789,1.639,1.64931/10/2022,1.704,1.779,1.679,1.799,1.789,1.639,1.64901/11/2022,1.704,1.789,1.679,1.799,1.799,1.639,1.64902/11/2022,1.709,1.789,1.679,1.799,1.799,1.639,1.64903/11/2022,1.724,1.789,1.679,1.819,1.799,1.639,1.64904/11/2022,1.724,1.789,1.679,1.819,1.819,1.639,1.64905/11/2022,1.724,1.789,1.679,1.819,1.819,1.639,1.64906/11/2022,1.724,1.789,1.699,1.819,1.839,1.639,1.64907/11/2022,1.724,1.789,1.699,1.839,1.839,1.639,1.65908/11/2022,1.719,1.789,1.699,1.839,1.829,1.639,1.64909/11/2022,1.719,1.819,1.709,1.839,1.839,1.639,1.64910/11/2022,1.719,1.819,1.709,1.839,1.839,1.639,1.64911/11/2022,1.719,1.819,1.709,1.829,1.839,1.639,1.64912/11/2022,1.719,1.819,1.709,1.829,1.829,1.639,1.64913/11/2022,1.719,1.819,1.709,1.829,1.829,1.639,1.64914/11/2022,1.719,1.819,1.709,1.829,1.829,1.639,1.64915/11/2022,1.729,1.819,1.709,1.839,1.829,1.639,1.64916/11/2022,1.729,1.799,1.709,1.829,1.819,1.639,1.64917/11/2022,1.729,1.799,1.709,1.829,1.819,1.639,1.64918/11/2022,1.729,1.799,1.709,1.819,1.809,1.639,1.64919/11/2022,1.729,1.789,1.709,1.819,1.799,1.639,1.64920/11/2022,1.729,1.789,1.709,1.819,1.799,1.639,1.64921/11/2022,1.729,1.789,1.709,1.799,1.799,1.639,1.64922/11/2022,1.729,1.779,1.709,1.779,1.799,1.639,1.64923/11/2022,1.749,1.749,1.709,1.769,1.789,1.639,1.64424/11/2022,1.749,1.749,1.709,1.769,1.779,1.639,1.64425/11/2022,1.749,1.749,1.709,1.759,1.779,1.639,1.64426/11/2022,1.729,1.749,1.709,1.749,1.759,1.639,1.64427/11/2022,1.719,1.749,1.709,1.749,1.759,1.639,1.64428/11/2022,1.709,1.729,1.709,1.739,1.759,1.639,1.64429/11/2022,1.699,1.729,1.689,1.729,1.759,1.639,1.64430/11/2022,1.689,1.699,1.679,1.719,1.749,1.637,1.64401/12/2022,1.669,1.699,1.669,1.699,1.739,1.619,1.62902/12/2022,1.664,1.699,1.669,1.689,1.729,1.619,1.62903/12/2022,1.669,1.699,1.639,1.689,1.729,1.619,1.62904/12/2022,1.669,1.699,1.639,1.689,1.729,1.619,1.62905/12/2022,1.649,1.699,1.639,1.679,1.729,1.619,1.62906/12/2022,1.649,1.689,1.639,1.679,1.709,1.619,1.62907/12/2022,1.649,1.689,1.639,1.669,1.709,1.619,1.62908/12/2022,1.629,1.679,1.639,1.669,1.679,1.589,1.61909/12/2022,1.619,1.669,1.609,1.649,1.679,1.569,1.59910/12/2022,1.609,1.649,1.609,1.649,1.659,1.569,1.59911/12/2022,1.609,1.639,1.609,1.649,1.659,1.549,1.59912/12/2022,1.589,1.639,1.609,1.629,1.659,1.539,1.56913/12/2022,1.604,1.599,1.579,1.629,1.639,1.539,1.54914/12/2022,1.604,1.599,1.579,1.629,1.649,1.539,1.54915/12/2022,1.604,1.599,1.579,1.639,1.639,1.539,1.54916/12/2022,1.599,1.604,1.579,1.649,1.639,1.539,1.54917/12/2022,1.599,1.599,1.579,1.649,1.639,1.539,1.54918/12/2022,1.599,1.599,1.579,1.649,1.639,1.539,1.54919/12/2022,1.584,1.599,1.579,1.609,1.639,1.539,1.54920/12/2022,1.559,1.599,1.559,1.569,1.619,1.539,1.53921/12/2022,1.559,1.599,1.559,1.579,1.609,1.499,1.52922/12/2022,1.559,1.599,1.559,1.579,1.609,1.499,1.51923/12/2022,1.564,1.604,1.549,1.579,1.609,1.499,1.51924/12/2022,1.569,1.599,1.549,1.579,1.609,1.499,1.51925/12/2022,1.569,1.599,1.549,1.579,1.609,1.499,1.51926/12/2022,1.569,1.599,1.549,1.579,1.609,1.499,1.51927/12/2022,1.569,1.599,1.549,1.579,1.609,1.499,1.51928/12/2022,1.569,1.619,1.549,1.599,1.639,1.499,1.51929/12/2022,1.569,1.619,1.549,1.629,1.639,1.499,1.51930/12/2022,1.569,1.644,1.549,1.649,1.639,1.515,1.52931/12/2022,1.569,1.639,1.549,1.649,1.659,1.515,1.52901/01/2023,1.569,1.639,1.549,1.649,1.659,1.515,1.52902/01/2023,1.569,1.639,1.549,1.669,1.659,1.515,1.52903/01/2023,1.569,1.639,1.549,1.679,1.669,1.519,1.52904/01/2023,1.569,1.669,1.549,1.689,1.689,1.549,1.53405/01/2023,1.569,1.669,1.549,1.689,1.689,1.549,1.53406/01/2023,1.569,1.669,1.549,1.689,1.669,1.549,1.54907/01/2023,1.569,1.669,1.549,1.689,1.669,1.549,1.54908/01/2023,1.569,1.669,1.549,1.689,1.669,1.549,1.54909/01/2023,1.569,1.674,1.549,1.679,1.669,1.549,1.54910/01/2023,1.569,1.679,1.549,1.679,1.689,1.549,1.55411/01/2023,1.574,1.669,1.549,1.679,1.679,1.547,1.55412/01/2023,1.569,1.669,1.549,1.689,1.679,1.547,1.55413/01/2023,1.574,1.674,1.549,1.689,1.699,1.547,1.55414/01/2023,1.574,1.674,1.549,1.689,1.699,1.547,1.55415/01/2023,1.569,1.669,1.549,1.689,1.709,1.547,1.55416/01/2023,1.569,1.669,1.549,1.709,1.709,1.547,1.56417/01/2023,1.569,1.669,1.559,1.709,1.719,1.547,1.55918/01/2023,1.569,1.669,1.559,1.699,1.709,1.547,1.55919/01/2023,1.579,1.694,1.559,1.699,1.719,1.547,1.55920/01/2023,1.584,1.699,1.569,1.709,1.719,1.547,1.55921/01/2023,1.584,1.699,1.569,1.709,1.719,1.547,1.55922/01/2023,1.589,1.704,1.569,1.709,1.719,1.547,1.55923/01/2023,1.599,1.709,1.569,1.719,1.719,1.547,1.56924/01/2023,1.604,1.724,1.579,1.739,1.749,1.547,1.56926/01/2023,1.604,1.729,1.579,1.759,1.739,1.547,1.57927/01/2023,1.609,1.734,1.579,1.749,1.739,1.547,1.56928/01/2023,1.609,1.734,1.579,1.739,1.749,1.539,1.56929/01/2023,1.604,1.739,1.579,1.739,1.749,1.539,1.56930/01/2023,1.609,1.744,1.579,1.739,1.749,1.539,1.55931/01/2023,1.604,1.729,1.579,1.739,1.759,1.539,1.55901/02/2023,1.609,1.729,1.579,1.739,1.749,1.539,1.55902/02/2023,1.604,1.739,1.579,1.739,1.749,1.539,1.55903/02/2023,1.604,1.729,1.579,1.729,1.729,1.539,1.55904/02/2023,1.604,1.719,1.579,1.729,1.729,1.537,1.55905/02/2023,1.604,1.709,1.579,1.729,1.719,1.537,1.55906/02/2023,1.604,1.699,1.579,1.719,1.719,1.537,1.55907/02/2023,1.604,1.699,1.579,1.699,1.709,1.537,1.55908/02/2023,1.604,1.699,1.579,1.689,1.709,1.527,1.55909/02/2023,1.604,1.699,1.579,1.689,1.709,1.527,1.54910/02/2023,1.609,1.704,1.579,1.689,1.699,1.527,1.54911/02/2023,1.604,1.689,1.579,1.689,1.699,1.527,1.54912/02/2023,1.604,1.699,1.579,1.689,1.699,1.527,1.54913/02/2023,1.604,1.704,1.579,1.699,1.699,1.527,1.54914/02/2023,1.604,1.709,1.579,1.729,1.719,1.527,1.54915/02/2023,1.604,1.704,1.579,1.699,1.719,1.527,1.55916/02/2023,1.604,1.714,1.579,1.719,1.709,1.527,1.56917/02/2023,1.604,1.714,1.579,1.719,1.709,1.527,1.56918/02/2023,1.604,1.709,1.579,1.699,1.709,1.527,1.569
19/02/2023,1.604,1.709,1.579,1.699,1.709,1.527,1.569
20/02/2023,1.604,1.709,1.579,1.699,1.709,1.527,1.569
21/02/2023,1.604,1.709,1.569,1.729,1.709,1.527,1.569
22/02/2023,1.604,1.699,1.569,1.719,1.719,1.527,1.569
23/02/2023,1.604,1.709,1.569,1.729,1.709,1.519,1.559
24/02/2023,1.599,1.704,1.569,1.719,1.709,1.519,1.549
25/02/2023,1.594,1.699,1.569,1.709,1.709,1.519,1.549
26/02/2023,1.594,1.699,1.569,1.709,1.709,1.519,1.54927/02/2023,1.594,1.699,1.569,1.709,1.709,1.519,1.54928/02/2023,1.594,1.699,1.569,1.709,1.709,1.519,1.549
01/03/2023,1.594,1.699,1.569,1.709,1.709,1.519,1.54902/03/2023,1.599,1.699,1.569,1.719,1.709,1.519,1.549
03/03/2023,1.599,1.719,1.569,1.719,1.709,1.519,1.549
04/03/2023,1.594,1.709,1.569,1.719,1.729,1.519,1.549
05/03/2023,1.594,1.709,1.569,1.719,1.729,1.519,1.549
06/03/2023,1.599,1.714,1.569,1.729,1.729,1.525,1.559
07/03/2023,1.599,1.714,1.569,1.729,1.749,1.525,1.564
08/03/2023,1.594,1.709,1.569,1.729,1.739,1.525,1.564
09/03/2023,1.599,1.719,1.569,1.729,1.729,1.525,1.564
10/03/2023,1.604,1.724,1.569,1.719,1.729,1.525,1.564
11/03/2023,1.594,1.719,1.579,1.719,1.729,1.525,1.564
12/03/2023,1.594,1.729,1.579,1.719,1.729,1.525,1.564
13/03/2023,1.609,1.734,1.579,1.729,1.729,1.525,1.564
14/03/2023,1.609,1.734,1.579,1.729,1.729,1.525,1.564
15/03/2023,1.604,1.719,1.579,1.729,1.729,1.519,1.559
16/03/2023,1.609,1.719,1.569,1.719,1.719,1.519,1.559
17/03/2023,1.604,1.704,1.569,1.719,1.709,1.519,1.559
18/03/2023,1.594,1.699,1.569,1.719,1.699,1.519,1.559
19/03/2023,1.594,1.699,1.569,1.719,1.699,1.519,1.559
20/03/2023,1.599,1.704,1.569,1.739,1.699,1.519,1.559
21/03/2023,1.599,1.704,1.569,1.679,1.699,1.519,1.559
22/03/2023,1.594,1.689,1.569,1.679,1.709,1.519,1.559
23/03/2023,1.594,1.689,1.569,1.659,1.699,1.519,1.559
24/03/2023,1.599,1.699,1.569,1.659,1.699,1.519,1.559
25/03/2023,1.594,1.699,1.569,1.659,1.699,1.519,1.559
26/03/2023,1.594,1.699,1.569,1.659,1.699,1.519,1.559
27/03/2023,1.599,1.704,1.569,1.699,1.699,1.519,1.559
28/03/2023,1.594,1.699,1.569,1.709,1.709,1.519,1.559
29/03/2023,1.594,1.709,1.569,1.709,1.709,1.519,1.559
30/03/2023,1.599,1.719,1.569,1.709,1.719,1.519,1.554
31/03/2023,1.604,1.719,1.569,1.699,1.719,1.519,1.564
01/04/2023,1.594,1.709,1.569,1.699,1.709,1.519,1.564
02/04/2023,1.594,1.699,1.569,1.699,1.709,1.519,1.564
03/04/2023,1.604,1.709,1.569,1.699,1.709,1.519,1.554
04/04/2023,1.604,1.719,1.569,1.719,1.709,1.519,1.554
05/04/2023,1.604,1.719,1.569,1.719,1.739,1.519,1.554
06/04/2023,1.594,1.719,1.569,1.719,1.729,1.519,1.554
07/04/2023,1.594,1.719,1.569,1.719,1.729,1.519,1.554
08/04/2023,1.594,1.719,1.569,1.719,1.729,1.519,1.554
09/04/2023,1.594,1.719,1.569,1.719,1.729,1.519,1.554
10/04/2023,1.604,1.729,1.569,1.729,1.729,1.519,1.554
11/04/2023,1.594,1.729,1.569,1.749,1.729,1.519,1.554
12/04/2023,1.594,1.729,1.569,1.749,1.739,1.519,1.554
13/04/2023,1.594,1.729,1.569,1.739,1.739,1.519,1.554
14/04/2023,1.599,1.739,1.569,1.739,1.739,1.519,1.554
15/04/2023,1.589,1.719,1.569,1.739,1.739,1.519,1.554
16/04/2023,1.589,1.719,1.569,1.739,1.739,1.519,1.554
17/04/2023,1.594,1.724,1.569,1.729,1.739,1.519,1.554
18/04/2023,1.594,1.724,1.569,1.729,1.729,1.519,1.554
19/04/2023,1.589,1.719,1.569,1.729,1.729,1.519,1.554
20/04/2023,1.594,1.724,1.569,1.719,1.719,1.519,1.554
21/04/2023,1.599,1.719,1.569,1.719,1.719,1.519,1.554
22/04/2023,1.589,1.689,1.559,1.719,1.699,1.519,1.554
23/04/2023,1.589,1.689,1.559,1.719,1.699,1.519,1.554
24/04/2023,1.594,1.694,1.559,1.719,1.699,1.519,1.554
25/04/2023,1.594,1.694,1.559,1.719,1.709,1.519,1.554
26/04/2023,1.579,1.689,1.559,1.709,1.699,1.519,1.554
27/04/2023,1.584,1.694,1.559,1.709,1.689,1.519,1.554
28/04/2023,1.589,1.689,1.559,1.689,1.689,1.519,1.554
29/04/2023,1.579,1.669,1.559,1.689,1.669,1.519,1.554
30/04/2023,1.579,1.669,1.559,1.689,1.669,1.519,1.554
01/05/2023,1.579,1.669,1.559,1.689,1.669,1.519,1.554
02/05/2023,1.579,1.669,1.559,1.689,1.669,1.525,1.554
03/05/2023,1.579,1.669,1.559,1.679,1.669,1.525,1.554
04/05/2023,1.584,1.654,1.559,1.659,1.669,1.525,1.559
05/05/2023,1.589,1.649,1.559,1.649,1.649,1.525,1.559
06/05/2023,1.579,1.639,1.559,1.649,1.649,1.499,1.559
07/05/2023,1.579,1.639,1.559,1.649,1.649,1.499,1.559
08/05/2023,1.584,1.644,1.559,1.649,1.649,1.499,1.549
09/05/2023,1.584,1.644,1.549,1.639,1.649,1.499,1.539
10/05/2023,1.569,1.639,1.549,1.629,1.639,1.495,1.534
11/05/2023,1.584,1.654,1.549,1.629,1.639,1.495,1.534
12/05/2023,1.579,1.649,1.549,1.629,1.649,1.495,1.534
13/05/2023,1.569,1.629,1.549,1.629,1.639,1.495,1.534
14/05/2023,1.574,1.634,1.549,1.629,1.639,1.495,1.534
15/05/2023,1.574,1.634,1.549,1.609,1.639,1.495,1.534
16/05/2023,1.574,1.634,1.549,1.609,1.639,1.495,1.529
17/05/2023,1.569,1.629,1.549,1.609,1.629,1.495,1.529
18/05/2023,1.579,1.639,1.549,1.609,1.639,1.479,1.524
19/05/2023,1.574,1.634,1.549,1.619,1.649,1.479,1.529
20/05/2023,1.569,1.629,1.549,1.619,1.649,1.479,1.529
21/05/2023,1.569,1.639,1.549,1.619,1.649,1.479,1.529
22/05/2023,1.574,1.644,1.549,1.619,1.649,1.479,1.529
23/05/2023,1.574,1.644,1.549,1.609,1.649,1.479,1.529
24/05/2023,1.559,1.639,1.539,1.619,1.639,1.479,1.539
25/05/2023,1.564,1.644,1.539,1.619,1.649,1.479,1.539
26/05/2023,1.569,1.649,1.539,1.619,1.659,1.479,1.539
27/05/2023,1.559,1.639,1.539,1.619,1.659,1.479,1.539
28/05/2023,1.559,1.639,1.539,1.619,1.659,1.479,1.539
29/05/2023,1.564,1.664,1.539,1.619,1.659,1.479,1.539
30/05/2023,1.564,1.664,1.539,1.619,1.669,1.479,1.539
31/05/2023,1.559,1.659,1.539,1.619,1.669,1.479,1.539
01/06/2023,1.564,1.664,1.539,1.619,1.659,1.479,1.539
02/06/2023,1.569,1.669,1.539,1.619,1.659,1.479,1.539
03/06/2023,1.559,1.649,1.539,1.619,1.659,1.479,1.539
04/06/2023,1.564,1.659,1.539,1.619,1.659,1.479,1.539
05/06/2023,1.564,1.664,1.539,1.619,1.659,1.479,1.539
06/06/2023,1.574,1.674,1.539,1.619,1.659,1.479,1.539
07/06/2023,1.559,1.659,1.539,1.619,1.669,1.479,1.549
08/06/2023,1.564,1.664,1.539,1.629,1.659,1.479,1.539
09/06/2023,1.564,1.664,1.539,1.639,1.679,1.479,1.539
10/06/2023,1.559,1.659,1.539,1.639,1.669,1.479,1.539
11/06/2023,1.559,1.659,1.539,1.639,1.669,1.479,1.539
12/06/2023,1.564,1.674,1.539,1.639,1.669,1.479,1.529
13/06/2023,1.564,1.674,1.539,1.649,1.669,1.479,1.529
14/06/2023,1.559,1.659,1.539,1.649,1.659,1.479,1.529
15/06/2023,1.564,1.664,1.539,1.649,1.669,1.469,1.519
16/06/2023,1.574,1.684,1.539,1.659,1.669,1.469,1.519
17/06/2023,1.559,1.669,1.539,1.659,1.669,1.469,1.519
18/06/2023,1.559,1.659,1.539,1.659,1.669,1.469,1.519
19/06/2023,1.574,1.674,1.539,1.659,1.669,1.469,1.514
20/06/2023,1.564,1.664,1.539,1.659,1.669,1.464,1.514
21/06/2023,1.559,1.659,1.539,1.659,1.669,1.464,1.514
22/06/2023,1.574,1.684,1.539,1.659,1.669,1.464,1.514
23/06/2023,1.569,1.679,1.539,1.659,1.679,1.464,1.514
24/06/2023,1.559,1.659,1.539,1.659,1.679,1.464,1.514
25/06/2023,1.559,1.659,1.539,1.659,1.679,1.464,1.514
26/06/2023,1.564,1.659,1.539,1.659,1.679,1.464,1.514
27/06/2023,1.564,1.659,1.539,1.649,1.669,1.479,1.519
28/06/2023,1.564,1.659,1.539,1.659,1.669,1.479,1.519
29/06/2023,1.564,1.659,1.539,1.659,1.669,1.479,1.519
30/06/2023,1.569,1.659,1.539,1.659,1.659,1.479,1.519
01/07/2023,1.564,1.654,1.539,1.659,1.659,1.479,1.519
02/07/2023,1.564,1.664,1.539,1.659,1.659,1.479,1.519
03/07/2023,1.564,1.664,1.539,1.649,1.659,1.479,1.519
04/07/2023,1.559,1.659,1.539,1.649,1.659,1.479,1.524
05/07/2023,1.559,1.659,1.539,1.649,1.659,1.479,1.524
06/07/2023,1.574,1.669,1.539,1.639,1.659,1.479,1.524
07/07/2023,1.579,1.674,1.539,1.639,1.669,1.479,1.524
08/07/2023,1.569,1.654,1.539,1.639,1.669,1.479,1.524
09/07/2023,1.569,1.664,1.539,1.639,1.669,1.479,1.524
10/07/2023,1.579,1.674,1.539,1.629,1.669,1.499,1.529
11/07/2023,1.569,1.664,1.539,1.629,1.669,1.499,1.534
12/07/2023,1.624,1.674,1.539,1.629,1.669,1.499,1.534
13/07/2023,1.634,1.674,1.539,1.639,1.669,1.499,1.539
14/07/2023,1.564,1.669,1.539,1.649,1.679,1.499,1.539
15/07/2023,1.564,1.669,1.549,1.649,1.679,1.509,1.539
16/07/2023,1.564,1.669,1.549,1.649,1.679,1.509,1.539
17/07/2023,1.564,1.669,1.549,1.649,1.679,1.509,1.549
18/07/2023,1.564,1.679,1.549,1.659,1.679,1.509,1.549
19/07/2023,1.564,1.679,1.549,1.659,1.679,1.529,1.564
20/07/2023,1.564,1.689,1.549,1.659,1.689,1.529,1.564
21/07/2023,1.564,1.689,1.549,1.669,1.699,1.529,1.569
22/07/2023,1.564,1.689,1.559,1.679,1.709,1.529,1.569
23/07/2023,1.564,1.689,1.559,1.679,1.709,1.529,1.569
24/07/2023,1.564,1.689,1.559,1.699,1.709,1.529,1.569
25/07/2023,1.584,1.699,1.559,1.699,1.729,1.529,1.569
26/07/2023,1.584,1.699,1.559,1.699,1.739,1.529,1.569
27/07/2023,1.584,1.699,1.559,1.699,1.739,1.529,1.569
28/07/2023,1.589,1.729,1.569,1.719,1.739,1.539,1.589
29/07/2023,1.584,1.749,1.589,1.729,1.739,1.539,1.589
30/07/2023,1.584,1.749,1.589,1.729,1.739,1.539,1.589
31/07/2023,1.584,1.739,1.589,1.739,1.739,1.539,1.589
01/08/2023,1.609,1.739,1.584,1.739,1.769,1.539,1.599
02/08/2023,1.619,1.749,1.589,1.739,1.769,1.539,1.584
03/08/2023,1.634,1.749,1.609,1.739,1.769,1.539,1.599
04/08/2023,1.644,1.769,1.609,1.739,1.759,1.559,1.609
05/08/2023,1.634,1.749,1.609,1.739,1.769,1.559,1.609
06/08/2023,1.634,1.749,1.609,1.739,1.769,1.559,1.609
07/08/2023,1.634,1.749,1.609,1.719,1.769,1.559,1.609
08/08/2023,1.634,1.759,1.609,1.719,1.759,1.559,1.609
09/08/2023,1.634,1.759,1.609,1.719,1.769,1.559,1.609
10/08/2023,1.634,1.769,1.619,1.729,1.769,1.599,1.619
11/08/2023,1.629,1.779,1.619,1.739,1.779,1.599,1.629
12/08/2023,1.629,1.769,1.619,1.739,1.789,1.599,1.629
13/08/2023,1.629,1.769,1.619,1.739,1.789,1.599,1.629
14/08/2023,1.629,1.769,1.619,1.739,1.789,1.599,1.629
15/08/2023,1.629,1.769,1.619,1.739,1.789,1.599,1.629
16/08/2023,1.629,1.769,1.619,1.739,1.789,1.599,1.629
17/08/2023,1.629,1.769,1.619,1.759,1.789,1.599,1.629
18/08/2023,1.629,1.769,1.619,1.759,1.789,1.599,1.629
19/08/2023,1.629,1.769,1.619,1.759,1.799,1.599,1.629
20/08/2023,1.629,1.769,1.619,1.759,1.799,1.599,1.629
21/08/2023,1.629,1.789,1.619,1.779,1.799,1.599,1.629
22/08/2023,1.629,1.789,1.619,1.779,1.799,1.599,1.639
23/08/2023,1.629,1.789,1.619,1.789,1.799,1.599,1.639
24/08/2023,1.629,1.799,1.619,1.789,1.799,1.599,1.639
25/08/2023,1.639,1.809,1.619,1.789,1.799,1.599,1.639
26/08/2023,1.629,1.799,1.619,1.789,1.799,1.599,1.639
27/08/2023,1.629,1.799,1.619,1.789,1.799,1.599,1.639
28/08/2023,1.639,1.809,1.619,1.789,1.799,1.599,1.629
29/08/2023,1.639,1.799,1.629,1.789,1.819,1.599,1.629
30/08/2023,1.639,1.809,1.629,1.799,1.809,1.599,1.629
31/08/2023,1.639,1.809,1.629,1.799,1.809,1.619,1.639
01/09/2023,1.639,1.809,1.639,1.789,1.809,1.619,1.639
02/09/2023,1.639,1.809,1.639,1.789,1.809,1.619,1.639
03/09/2023,1.639,1.809,1.639,1.789,1.809,1.619,1.639
04/09/2023,1.639,1.809,1.639,1.789,1.809,1.619,1.639
05/09/2023,1.649,1.809,1.639,1.799,1.809,1.619,1.639
06/09/2023,1.654,1.814,1.639,1.799,1.809,1.615,1.649
07/09/2023,1.649,1.809,1.639,1.799,1.819,1.615,1.649
08/09/2023,1.659,1.819,1.639,1.799,1.809,1.615,1.649
09/09/2023,1.649,1.809,1.639,1.799,1.819,1.615,1.649
10/09/2023,1.649,1.809,1.639,1.799,1.819,1.615,1.649
11/09/2023,1.659,1.819,1.639,1.789,1.819,1.615,1.649
12/09/2023,1.659,1.809,1.649,1.789,1.829,1.639,1.669
13/09/2023,1.674,1.819,1.649,1.779,1.829,1.639,1.669
14/09/2023,1.669,1.819,1.649,1.789,1.839,1.649,1.679
15/09/2023,1.689,1.819,1.649,1.799,1.839,1.649,1.679
16/09/2023,1.679,1.809,1.669,1.799,1.849,1.649,1.679
17/09/2023,1.684,1.814,1.669,1.799,1.849,1.649,1.679
18/09/2023,1.684,1.814,1.669,1.819,1.849,1.649,1.679
19/09/2023,1.694,1.814,1.679,1.829,1.839,1.655,1.689
20/09/2023,1.689,1.809,1.679,1.829,1.839,1.655,1.689
21/09/2023,1.694,1.814,1.679,1.839,1.839,1.655,1.689
22/09/2023,1.704,1.824,1.679,1.829,1.839,1.655,1.699
23/09/2023,1.689,1.809,1.679,1.829,1.839,1.655,1.699
24/09/2023,1.689,1.809,1.679,1.829,1.839,1.655,1.699
25/09/2023,1.694,1.814,1.679,1.829,1.839,1.655,1.699
26/09/2023,1.694,1.814,1.689,1.829,1.839,1.655,1.699
27/09/2023,1.689,1.809,1.689,1.819,1.839,1.655,1.699
28/09/2023,1.704,1.814,1.689,1.809,1.829,1.655,1.699
29/09/2023,1.709,1.819,1.689,1.809,1.819,1.655,1.699
30/09/2023,1.704,1.814,1.689,1.809,1.819,1.655,1.699
01/10/2023,1.699,1.809,1.689,1.809,1.819,1.655,1.699
02/10/2023,1.704,1.814,1.689,1.779,1.819,1.655,1.699
03/10/2023,1.704,1.794,1.689,1.769,1.809,1.655,1.689
04/10/2023,1.699,1.769,1.689,1.769,1.799,1.655,1.689
05/10/2023,1.704,1.774,1.689,1.759,1.769,1.655,1.689
06/10/2023,1.689,1.779,1.669,1.749,1.769,1.615,1.679
07/10/2023,1.679,1.749,1.669,1.749,1.759,1.615,1.679
08/10/2023,1.679,1.749,1.669,1.749,1.759,1.615,1.679
09/10/2023,1.684,1.754,1.669,1.729,1.759,1.615,1.669
10/10/2023,1.684,1.714,1.669,1.729,1.739,1.615,1.659
11/10/2023,1.679,1.709,1.669,1.719,1.739,1.615,1.649
12/10/2023,1.684,1.714,1.669,1.719,1.739,1.615,1.649
13/10/2023,1.689,1.719,1.669,1.729,1.739,1.615,1.649
14/10/2023,1.679,1.709,1.669,1.729,1.719,1.615,1.649
15/10/2023,1.679,1.709,1.669,1.729,1.719,1.615,1.649
16/10/2023,1.684,1.714,1.669,1.729,1.719,1.615,1.649
17/10/2023,1.684,1.714,1.669,1.709,1.739,1.615,1.654
18/10/2023,1.679,1.719,1.669,1.709,1.719,1.615,1.654
19/10/2023,1.684,1.724,1.669,1.709,1.719,1.615,1.649
20/10/2023,1.669,1.729,1.649,1.709,1.719,1.607,1.649
21/10/2023,1.659,1.719,1.649,1.709,1.719,1.607,1.649
22/10/2023,1.659,1.719,1.649,1.709,1.719,1.607,1.649
23/10/2023,1.664,1.724,1.649,1.699,1.719,1.607,1.649
24/10/2023,1.654,1.709,1.639,1.699,1.719,1.609,1.649
25/10/2023,1.649,1.704,1.639,1.699,1.719,1.609,1.649
26/10/2023,1.644,1.699,1.629,1.689,1.709,1.609,1.649
27/10/2023,1.649,1.704,1.629,1.689,1.709,1.599,1.649
28/10/2023,1.644,1.699,1.629,1.689,1.699,1.599,1.649
29/10/2023,1.639,1.684,1.629,1.689,1.699,1.599,1.649
30/10/2023,1.644,1.689,1.629,1.699,1.699,1.599,1.639
31/10/2023,1.644,1.679,1.629,1.689,1.699,1.545,1.594
01/11/2023,1.639,1.674,1.619,1.689,1.689,1.535,1.594
02/11/2023,1.634,1.679,1.619,1.679,1.689,1.535,1.579
03/11/2023,1.634,1.679,1.619,1.679,1.689,1.535,1.569
04/11/2023,1.629,1.674,1.619,1.679,1.689,1.535,1.569
05/11/2023,1.629,1.674,1.619,1.679,1.689,1.535,1.569
06/11/2023,1.634,1.679,1.619,1.679,1.689,1.535,1.569
07/11/2023,1.634,1.679,1.599,1.679,1.689,1.535,1.569
08/11/2023,1.609,1.674,1.589,1.679,1.689,1.535,1.569
09/11/2023,1.604,1.669,1.589,1.669,1.679,1.535,1.569
10/11/2023,1.584,1.674,1.569,1.669,1.679,1.535,1.569
11/11/2023,1.579,1.654,1.569,1.669,1.669,1.535,1.569
12/11/2023,1.579,1.654,1.569,1.669,1.669,1.535,1.569
13/11/2023,1.584,1.659,1.569,1.659,1.669,1.535,1.569
14/11/2023,1.579,1.649,1.569,1.659,1.659,1.535,1.569
15/11/2023,1.589,1.649,1.569,1.649,1.679,1.535,1.569
16/11/2023,1.584,1.649,1.569,1.649,1.679,1.535,1.569
17/11/2023,1.584,1.664,1.569,1.649,1.669,1.515,1.554
18/11/2023,1.639,1.644,1.569,1.649,1.659,1.515,1.554
19/11/2023,1.634,1.634,1.569,1.649,1.659,1.515,1.554
20/11/2023,1.639,1.639,1.569,1.649,1.659,1.515,1.549
21/11/2023,1.634,1.639,1.569,1.639,1.659,1.515,1.549
22/11/2023,1.639,1.634,1.569,1.639,1.659,1.515,1.549
23/11/2023,1.584,1.639,1.569,1.639,1.659,1.515,1.549
24/11/2023,1.584,1.644,1.569,1.649,1.659,1.515,1.549
25/11/2023,1.579,1.589,1.569,1.649,1.649,1.505,1.549
26/11/2023,1.579,1.589,1.569,1.649,1.649,1.505,1.549
27/11/2023,1.579,1.604,1.569,1.649,1.649,1.505,1.539
28/11/2023,1.584,1.594,1.569,1.639,1.649,1.495,1.534
29/11/2023,1.584,1.594,1.569,1.639,1.639,1.495,1.534
30/11/2023,1.584,1.594,1.569,1.639,1.639,1.495,1.534
01/12/2023,1.579,1.589,1.569,1.629,1.639,1.495,1.534
02/12/2023,1.579,1.579,1.569,1.629,1.629,1.495,1.534
03/12/2023,1.579,1.579,1.569,1.629,1.629,1.495,1.534
04/12/2023,1.579,1.579,1.569,1.639,1.629,1.495,1.53405/12/2023,1.569,1.569,1.569,1.619,1.619,1.489,1.52906/12/2023,1.569,1.569,1.569,1.609,1.619,1.489,1.52907/12/2023,1.569,1.569,1.569,1.599,1.619,1.479,1.52908/12/2023,1.569,1.569,1.569,1.589,1.619,1.479,1.51909/12/2023,1.569,1.569,1.569,1.589,1.619,1.469,1.51910/12/2023,1.569,1.569,1.559,1.589,1.619,1.469,1.519
11/12/2023,1.569,1.559,1.559,1.589,1.619,1.469,1.519
12/12/2023,1.569,1.564,1.559,1.589,1.619,1.469,1.519
13/12/2023,1.564,1.549,1.549,1.579,1.609,1.459,1.499
14/12/2023,1.564,1.554,1.549,1.579,1.599,1.459,1.499
15/12/2023,1.564,1.559,1.549,1.579,1.599,1.439,1.489
16/12/2023,1.564,1.559,1.529,1.579,1.599,1.439,1.489
17/12/2023,1.564,1.559,1.529,1.579,1.599,1.439,1.489
18/12/2023,1.564,1.554,1.529,1.579,1.599,1.439,1.489
19/12/2023,1.549,1.539,1.529,1.559,1.599,1.439,1.489
20/12/2023,1.554,1.539,1.529,1.559,1.599,1.429,1.489
21/12/2023,1.539,1.539,1.529,1.579,1.599,1.429,1.489
22/12/2023,1.539,1.544,1.539,1.589,1.599,1.429,1.489
23/12/2023,1.539,1.549,1.539,1.589,1.609,1.429,1.489
24/12/2023,1.539,1.549,1.539,1.589,1.609,1.429,1.489
25/12/2023,1.539,1.549,1.539,1.589,1.609,1.429,1.489
26/12/2023,1.539,1.549,1.539,1.589,1.609,1.429,1.489
27/12/2023,1.549,1.549,1.539,1.589,1.609,1.429,1.489
28/12/2023,1.549,1.549,1.539,1.589,1.609,1.429,1.489
29/12/2023,1.549,1.554,1.539,1.599,1.609,1.429,1.489
30/12/2023,1.549,1.549,1.529,1.599,1.609,1.429,1.489
31/12/2023,1.549,1.549,1.529,1.599,1.609,1.429,1.489
01/01/2024,1.549,1.549,1.529,1.599,1.609,1.429,1.489
02/01/2024,1.549,1.549,1.529,1.569,1.609,1.429,1.479
03/01/2024,1.554,1.559,1.529,1.569,1.609,1.429,1.479
04/01/2024,1.549,1.559,1.519,1.569,1.609,1.429,1.469
05/01/2024,1.569,1.559,1.519,1.579,1.609,1.429,1.469
06/01/2024,1.569,1.559,1.519,1.579,1.619,1.429,1.469
07/01/2024,1.569,1.559,1.519,1.579,1.619,1.429,1.469
08/01/2024,1.569,1.559,1.519,1.579,1.619,1.429,1.469
09/01/2024,1.534,1.569,1.519,1.579,1.619,1.429,1.469
10/01/2024,1.534,1.559,1.519,1.569,1.609,1.429,1.469
11/01/2024,1.534,1.564,1.519,1.569,1.609,1.429,1.469
12/01/2024,1.534,1.564,1.519,1.569,1.609,1.429,1.469
13/01/2024,1.534,1.574,1.519,1.569,1.619,1.429,1.469
14/01/2024,1.529,1.569,1.519,1.569,1.619,1.429,1.469
15/01/2024,1.539,1.574,1.519,1.569,1.619,1.429,1.479
16/01/2024,1.534,1.564,1.519,1.569,1.629,1.429,1.479
17/01/2024,1.534,1.564,1.519,1.589,1.629,1.429,1.479
18/01/2024,1.534,1.564,1.519,1.589,1.629,1.449,1.479
19/01/2024,1.534,1.569,1.519,1.589,1.629,1.449,1.479
20/01/2024,1.529,1.559,1.519,1.589,1.629,1.449,1.479
21/01/2024,1.534,1.564,1.519,1.589,1.629,1.449,1.479
22/01/2024,1.539,1.564,1.519,1.599,1.629,1.449,1.489
23/01/2024,1.534,1.564,1.519,1.599,1.629,1.449,1.489
24/01/2024,1.529,1.569,1.519,1.599,1.619,1.449,1.499
25/01/2024,1.534,1.574,1.519,1.609,1.629,1.449,1.499
26/01/2024,1.534,1.579,1.519,1.609,1.629,1.449,1.499
27/01/2024,1.529,1.579,1.519,1.609,1.629,1.449,1.499
28/01/2024,1.529,1.579,1.519,1.609,1.629,1.449,1.499
29/01/2024,1.539,1.584,1.519,1.619,1.629,1.449,1.499
30/01/2024,1.534,1.594,1.519,1.619,1.649,1.449,1.499
31/01/2024,1.529,1.589,1.519,1.619,1.639,1.449,1.499
01/02/2024,1.519,1.594,1.519,1.619,1.639,1.449,1.499
02/02/2024,1.519,1.609,1.519,1.599,1.659,1.449,1.499
03/02/2024,1.514,1.599,1.519,1.599,1.649,1.449,1.499
04/02/2024,1.514,1.599,1.519,1.599,1.649,1.449,1.499
05/02/2024,1.524,1.604,1.519,1.599,1.649,1.449,1.499
06/02/2024,1.524,1.594,1.519,1.619,1.639,1.449,1.499
07/02/2024,1.519,1.594,1.519,1.619,1.659,1.449,1.499
08/02/2024,1.519,1.594,1.519,1.629,1.659,1.449,1.499
09/02/2024,1.524,1.614,1.519,1.639,1.659,1.467,1.499
10/02/2024,1.519,1.599,1.519,1.639,1.669,1.467,1.499
11/02/2024,1.519,1.599,1.519,1.639,1.669,1.467,1.499
12/02/2024,1.524,1.604,1.519,1.659,1.669,1.479,1.509
13/02/2024,1.524,1.629,1.519,1.649,1.679,1.479,1.514
14/02/2024,1.519,1.629,1.519,1.669,1.679,1.497,1.524
15/02/2024,1.524,1.644,1.519,1.669,1.689,1.497,1.529
16/02/2024,1.524,1.654,1.519,1.669,1.689,1.497,1.529
17/02/2024,1.519,1.639,1.519,1.669,1.689,1.497,1.529
18/02/2024,1.519,1.644,1.519,1.669,1.689,1.497,1.529
19/02/2024,1.524,1.644,1.519,1.669,1.689,1.497,1.529
20/02/2024,1.524,1.644,1.519,1.679,1.689,1.497,1.539
21/02/2024,1.524,1.644,1.519,1.659,1.689,1.497,1.539
22/02/2024,1.524,1.644,1.519,1.659,1.689,1.497,1.539
23/02/2024,1.519,1.644,1.519,1.659,1.679,1.497,1.539
24/02/2024,1.514,1.629,1.519,1.659,1.679,1.497,1.539
25/02/2024,1.514,1.629,1.519,1.659,1.679,1.497,1.539
26/02/2024,1.514,1.634,1.519,1.619,1.679,1.497,1.539
27/02/2024,1.514,1.634,1.514,1.659,1.679,1.489,1.529
28/02/2024,1.514,1.634,1.514,1.659,1.689,1.489,1.529
29/02/2024,1.509,1.629,1.509,1.689,1.689,1.489,1.529
01/03/2024,1.514,1.649,1.509,1.679,1.699,1.489,1.529
02/03/2024,1.504,1.649,1.504,1.679,1.699,1.489,1.529
03/03/2024,1.509,1.654,1.504,1.679,1.699,1.489,1.529
04/03/2024,1.509,1.654,1.504,1.689,1.699,1.489,1.529
05/03/2024,1.504,1.664,1.504,1.689,1.709,1.489,1.529
06/03/2024,1.499,1.649,1.499,1.689,1.699,1.489,1.529
07/03/2024,1.499,1.654,1.499,1.679,1.699,1.489,1.549
08/03/2024,1.499,1.659,1.499,1.689,1.709,1.489,1.569
09/03/2024,1.494,1.649,1.499,1.689,1.699,1.489,1.569
10/03/2024,1.499,1.654,1.499,1.689,1.699,1.489,1.569
11/03/2024,1.499,1.654,1.499,1.679,1.699,1.489,1.589
12/03/2024,1.499,1.654,1.499,1.669,1.699,1.489,1.599
13/03/2024,1.499,1.649,1.494,1.679,1.699,1.489,1.599
14/03/2024,1.499,1.654,1.494,1.689,1.699,1.489,1.599
15/03/2024,1.504,1.654,1.499,1.689,1.709,1.489,1.599
16/03/2024,1.519,1.659,1.499,1.689,1.719,1.489,1.599
17/03/2024,1.519,1.659,1.499,1.689,1.719,1.489,1.599
18/03/2024,1.534,1.664,1.499,1.699,1.719,1.489,1.609
19/03/2024,1.569,1.684,1.519,1.699,1.719,1.489,1.609
20/03/2024,1.559,1.679,1.549,1.729,1.729,1.489,1.609
21/03/2024,1.564,1.694,1.549,1.739,1.739,1.489,1.609
22/03/2024,1.579,1.694,1.549,1.739,1.749,1.499,1.609
23/03/2024,1.564,1.699,1.549,1.739,1.749,1.499,1.609
24/03/2024,1.564,1.699,1.549,1.739,1.749,1.499,1.609
26/03/2024,1.574,1.709,1.559,1.749,1.749,1.499,1.599
27/03/2024,1.574,1.709,1.559,1.739,1.749,1.499,1.599
28/03/2024,1.564,1.689,1.569,1.739,1.739,1.499,1.599
29/03/2024,1.564,1.689,1.569,1.739,1.739,1.499,1.599
30/03/2024,1.564,1.689,1.569,1.739,1.739,1.499,1.599
31/03/2024,1.574,1.699,1.569,1.739,1.739,1.499,1.599
01/04/2024,1.589,1.694,1.569,1.729,1.739,1.499,1.599
02/04/2024,1.604,1.704,1.584,1.739,1.749,1.499,1.589
03/04/2024,1.599,1.699,1.584,1.739,1.749,1.499,1.599
04/04/2024,1.604,1.714,1.584,1.759,1.759,1.529,1.609
05/04/2024,1.609,1.719,1.584,1.759,1.759,1.539,1.614
06/04/2024,1.599,1.714,1.584,1.759,1.759,1.539,1.614
07/04/2024,1.599,1.709,1.584,1.759,1.759,1.539,1.614
08/04/2024,1.604,1.714,1.584,1.759,1.759,1.549,1.619
09/04/2024,1.619,1.714,1.599,1.769,1.759,1.569,1.619
10/04/2024,1.609,1.719,1.599,1.769,1.769,1.569,1.619
11/04/2024,1.614,1.724,1.599,1.759,1.769,1.569,1.619
12/04/2024,1.619,1.729,1.599,1.759,1.769,1.569,1.619
13/04/2024,1.609,1.719,1.599,1.759,1.769,1.569,1.619
14/04/2024,1.609,1.719,1.599,1.759,1.769,1.569,1.619
15/04/2024,1.614,1.724,1.599,1.769,1.769,1.569,1.629
16/04/2024,1.614,1.744,1.599,1.789,1.799,1.569,1.629
17/04/2024,1.609,1.739,1.599,1.789,1.799,1.569,1.629
18/04/2024,1.614,1.744,1.599,1.769,1.789,1.569,1.629
19/04/2024,1.619,1.739,1.599,1.769,1.779,1.569,1.629
20/04/2024,1.609,1.729,1.599,1.769,1.779,1.569,1.629
21/04/2024,1.609,1.729,1.599,1.769,1.779,1.569,1.629
22/04/2024,1.614,1.734,1.599,1.769,1.779,1.569,1.619
23/04/2024,1.614,1.734,1.599,1.769,1.779,1.569,1.619
24/04/2024,1.609,1.739,1.599,1.779,1.789,1.569,1.619
25/04/2024,1.614,1.744,1.599,1.779,1.789,1.559,1.619
26/04/2024,1.569,1.744,1.599,1.779,1.789,1.555,1.619
27/04/2024,1.564,1.739,1.599,1.779,1.779,1.555,1.619
28/04/2024,1.564,1.739,1.599,1.779,1.779,1.555,1.619
29/04/2024,1.614,1.744,1.599,1.789,1.779,1.555,1.619
30/04/2024,1.614,1.744,1.599,1.789,1.789,1.555,1.629
01/05/2024,1.609,1.739,1.599,1.789,1.789,1.555,1.629
02/05/2024,1.619,1.744,1.599,1.779,1.789,1.555,1.629
03/05/2024,1.614,1.744,1.599,1.769,1.789,1.547,1.629
04/05/2024,1.614,1.734,1.599,1.769,1.779,1.547,1.629
05/05/2024,1.609,1.729,1.599,1.769,1.779,1.547,1.629
06/05/2024,1.614,1.724,1.599,1.759,1.779,1.547,1.629
07/05/2024,1.604,1.714,1.589,1.759,1.759,1.547,1.629
08/05/2024,1.604,1.714,1.589,1.759,1.759,1.547,1.629
09/05/2024,1.604,1.714,1.589,1.749,1.759,1.545,1.629
10/05/2024,1.609,1.709,1.589,1.739,1.749,1.545,1.629
11/05/2024,1.604,1.704,1.589,1.739,1.749,1.545,1.629
12/05/2024,1.599,1.699,1.589,1.739,1.749,1.545,1.629
13/05/2024,1.604,1.704,1.589,1.739,1.749,1.545,1.629
14/05/2024,1.604,1.694,1.589,1.729,1.739,1.545,1.619
15/05/2024,1.604,1.694,1.589,1.729,1.739,1.545,1.619
16/05/2024,1.604,1.694,1.589,1.729,1.739,1.545,1.619
17/05/2024,1.609,1.689,1.589,1.729,1.739,1.545,1.619
18/05/2024,1.604,1.684,1.589,1.729,1.729,1.545,1.619
19/05/2024,1.604,1.684,1.589,1.729,1.729,1.545,1.619
20/05/2024,1.604,1.689,1.589,1.729,1.729,1.545,1.619
21/05/2024,1.599,1.684,1.589,1.729,1.739,1.545,1.609
22/05/2024,1.599,1.689,1.589,1.729,1.739,1.545,1.609
23/05/2024,1.604,1.694,1.589,1.719,1.739,1.545,1.609
24/05/2024,1.629,1.689,1.589,1.699,1.729,1.545,1.609
25/05/2024,1.599,1.679,1.589,1.699,1.729,1.545,1.609
26/05/2024,1.604,1.684,1.589,1.699,1.729,1.545,1.609
27/05/2024,1.604,1.684,1.589,1.709,1.729,1.545,1.599
28/05/2024,1.604,1.674,1.589,1.719,1.719,1.545,1.599
30/05/2024,1.604,1.684,1.589,1.719,1.729,1.545,1.599
31/05/2024,1.609,1.689,1.589,1.719,1.729,1.545,1.599
01/06/2024,1.599,1.674,1.589,1.719,1.719,1.545,1.599
02/06/2024,1.599,1.669,1.589,1.719,1.719,1.545,1.599
03/06/2024,1.604,1.674,1.589,1.739,1.719,1.545,1.599
04/06/2024,1.604,1.664,1.589,1.709,1.709,1.545,1.599
05/06/2024,1.604,1.664,1.589,1.699,1.709,1.545,1.589
06/06/2024,1.604,1.654,1.589,1.699,1.699,1.545,1.589
07/06/2024,1.599,1.659,1.579,1.689,1.699,1.545,1.579
08/06/2024,1.589,1.639,1.579,1.689,1.689,1.545,1.579
09/06/2024,1.589,1.644,1.579,1.689,1.689,1.545,1.579
10/06/2024,1.594,1.644,1.579,1.689,1.689,1.545,1.569
11/06/2024,1.594,1.654,1.579,1.689,1.699,1.545,1.569
12/06/2024,1.589,1.649,1.579,1.689,1.699,1.545,1.569
13/06/2024,1.594,1.664,1.579,1.689,1.709,1.545,1.569
14/06/2024,1.599,1.659,1.579,1.689,1.699,1.545,1.569
15/06/2024,1.589,1.649,1.579,1.689,1.699,1.545,1.569
16/06/2024,1.589,1.649,1.579,1.689,1.699,1.545,1.569
17/06/2024,1.594,1.654,1.579,1.689,1.699,1.545,1.569
18/06/2024,1.594,1.654,1.579,1.689,1.699,1.545,1.569
19/06/2024,1.589,1.649,1.579,1.689,1.699,1.545,1.569
20/06/2024,1.594,1.654,1.579,1.679,1.709,1.545,1.559
21/06/2024,1.599,1.659,1.579,1.689,1.699,1.545,1.559
22/06/2024,1.589,1.654,1.579,1.689,1.699,1.545,1.559
23/06/2024,1.589,1.649,1.579,1.689,1.699,1.545,1.559
24/06/2024,1.594,1.654,1.579,1.699,1.699,1.545,1.569
25/06/2024,1.594,1.664,1.579,1.699,1.709,1.545,1.569
26/06/2024,1.594,1.654,1.579,1.679,1.719,1.545,1.569
27/06/2024,1.594,1.654,1.579,1.679,1.699,1.545,1.569
28/06/2024,1.604,1.664,1.579,1.689,1.709,1.545,1.569
29/06/2024,1.599,1.659,1.579,1.689,1.709,1.545,1.569
30/06/2024,1.599,1.659,1.579,1.689,1.709,1.545,1.569
01/07/2024,1.589,1.659,1.579,1.689,1.709,1.545,1.569
02/07/2024,1.609,1.659,1.579,1.689,1.709,1.545,1.579
03/07/2024,1.609,1.659,1.579,1.709,1.709,1.545,1.579
04/07/2024,1.609,1.649,1.579,1.709,1.699,1.545,1.579
05/07/2024,1.619,1.669,1.579,1.699,1.709,1.545,1.579
06/07/2024,1.609,1.659,1.579,1.699,1.709,1.545,1.579
07/07/2024,1.609,1.659,1.579,1.699,1.709,1.545,1.579
08/07/2024,1.609,1.659,1.579,1.699,1.709,1.545,1.579
09/07/2024,1.609,1.649,1.579,1.719,1.719,1.545,1.579
10/07/2024,1.609,1.659,1.579,1.709,1.709,1.545,1.579
11/07/2024,1.609,1.649,1.579,1.689,1.709,1.545,1.579
12/07/2024,1.614,1.644,1.579,1.679,1.689,1.545,1.579
13/07/2024,1.609,1.639,1.579,1.679,1.689,1.545,1.579
14/07/2024,1.609,1.639,1.579,1.679,1.689,1.545,1.579
15/07/2024,1.609,1.639,1.579,1.689,1.689,1.545,1.579
16/07/2024,1.609,1.649,1.579,1.689,1.699,1.545,1.579
17/07/2024,1.609,1.649,1.579,1.689,1.699,1.539,1.579
18/07/2024,1.609,1.639,1.579,1.689,1.689,1.539,1.579
19/07/2024,1.619,1.649,1.579,1.689,1.689,1.539,1.579
20/07/2024,1.609,1.639,1.579,1.689,1.689,1.539,1.579
21/07/2024,1.609,1.639,1.579,1.689,1.689,1.539,1.579
22/07/2024,1.609,1.639,1.579,1.669,1.689,1.539,1.579
23/07/2024,1.609,1.639,1.579,1.659,1.689,1.539,1.579
24/07/2024,1.609,1.629,1.579,1.669,1.679,1.539,1.569
25/07/2024,1.609,1.639,1.579,1.669,1.689,1.535,1.569
26/07/2024,1.614,1.644,1.579,1.669,1.689,1.535,1.569
27/07/2024,1.609,1.629,1.579,1.669,1.679,1.535,1.569
28/07/2024,1.609,1.629,1.579,1.669,1.679,1.535,1.569
29/07/2024,1.609,1.629,1.579,1.679,1.679,1.535,1.574
30/07/2024,1.609,1.619,1.579,1.659,1.669,1.525,1.574
31/07/2024,1.609,1.624,1.579,1.659,1.669,1.525,1.574
01/08/2024,1.609,1.609,1.579,1.659,1.659,1.525,1.574
02/08/2024,1.614,1.614,1.579,1.649,1.659,1.515,1.569
03/08/2024,1.609,1.609,1.579,1.649,1.669,1.515,1.569
04/08/2024,1.609,1.609,1.579,1.649,1.669,1.515,1.569
05/08/2024,1.614,1.619,1.579,1.649,1.669,1.515,1.559
06/08/2024,1.609,1.619,1.579,1.649,1.669,1.515,1.559
07/08/2024,1.609,1.609,1.569,1.649,1.659,1.515,1.554
08/08/2024,1.599,1.609,1.569,1.649,1.659,1.515,1.554
09/08/2024,1.604,1.614,1.569,1.649,1.659,1.515,1.554
10/08/2024,1.599,1.609,1.569,1.649,1.659,1.515,1.554
11/08/2024,1.599,1.609,1.569,1.649,1.659,1.515,1.554
12/08/2024,1.599,1.609,1.569,1.649,1.659,1.515,1.554
13/08/2024,1.599,1.609,1.569,1.649,1.659,1.515,1.554
14/08/2024,1.609,1.619,1.569,1.649,1.659,1.515,1.554
15/08/2024,1.599,1.609,1.569,1.649,1.659,1.515,1.554
16/08/2024,1.604,1.614,1.569,1.639,1.659,1.499,1.554
17/08/2024,1.599,1.599,1.569,1.639,1.649,1.499,1.554
18/08/2024,1.599,1.599,1.569,1.639,1.649,1.499,1.554
19/08/2024,1.599,1.599,1.569,1.639,1.649,1.479,1.549
20/08/2024,1.599,1.599,1.569,1.629,1.649,1.479,1.639
21/08/2024,1.599,1.589,1.549,1.639,1.639,1.479,1.529
22/08/2024,1.599,1.579,1.549,1.619,1.629,1.479,1.529
23/08/2024,1.604,1.584,1.549,1.609,1.629,1.479,1.519
24/08/2024,1.579,1.579,1.549,1.609,1.629,1.479,1.519
25/08/2024,1.579,1.579,1.549,1.609,1.629,1.479,1.519
26/08/2024,1.579,1.579,1.549,1.619,1.629,1.459,1.519
27/08/2024,1.579,1.579,1.549,1.609,1.629,1.459,1.499
28/08/2024,1.579,1.579,1.549,1.609,1.629,1.459,1.499
29/08/2024,1.579,1.559,1.549,1.589,1.619,1.459,1.499
30/08/2024,1.494,1.564,1.519,1.589,1.609,1.429,1.499
31/08/2024,1.489,1.559,1.519,1.589,1.609,1.429,1.499
01/09/2024,1.489,1.559,1.519,1.589,1.609,1.429,1.499
02/09/2024,1.549,1.559,1.519,1.589,1.609,1.429,1.479
03/09/2024,1.549,1.569,1.519,1.589,1.619,1.429,1.479
04/09/2024,1.549,1.569,1.519,1.589,1.619,1.429,1.469
05/09/2024,1.549,1.549,1.499,1.589,1.599,1.429,1.469
06/09/2024,1.534,1.544,1.499,1.589,1.589,1.395,1.469
07/09/2024,1.529,1.539,1.499,1.589,1.589,1.389,1.469
08/09/2024,1.529,1.539,1.499,1.589,1.589,1.389,1.469
09/09/2024,1.529,1.539,1.499,1.579,1.589,1.389,1.429
10/09/2024,1.489,1.539,1.459,1.579,1.589,1.389,1.429
11/09/2024,1.489,1.529,1.459,1.559,1.579,1.387,1.424
12/09/2024,1.489,1.519,1.459,1.559,1.569,1.387,1.424
13/09/2024,1.484,1.524,1.449,1.549,1.569,1.387,1.424
14/09/2024,1.479,1.499,1.449,1.549,1.569,1.387,1.424
15/09/2024,1.479,1.519,1.449,1.549,1.569,1.387,1.424
16/09/2024,1.489,1.529,1.449,1.549,1.569,1.387,1.424
17/09/2024,1.484,1.524,1.449,1.549,1.569,1.387,1.424
18/09/2024,1.479,1.514,1.439,1.549,1.559,1.387,1.419
19/09/2024,1.474,1.504,1.439,1.519,1.559,1.387,1.424
20/09/2024,1.474,1.514,1.439,1.519,1.559,1.387,1.424
21/09/2024,1.469,1.509,1.439,1.519,1.569,1.387,1.424
22/09/2024,1.469,1.509,1.439,1.519,1.569,1.387,1.424
23/09/2024,1.469,1.509,1.439,1.529,1.569,1.387,1.424
24/09/2024,1.474,1.514,1.439,1.509,1.559,1.387,1.424
25/09/2024,1.469,1.509,1.439,1.509,1.559,1.387,1.424
26/09/2024,1.474,1.514,1.439,1.509,1.559,1.387,1.424
27/09/2024,1.479,1.519,1.439,1.499,1.559,1.387,1.424
28/09/2024,1.469,1.504,1.439,1.499,1.549,1.379,1.424
29/09/2024,1.469,1.499,1.439,1.499,1.549,1.379,1.424
30/09/2024,1.474,1.504,1.439,1.499,1.549,1.379,1.419
01/10/2024,1.474,1.514,1.439,1.499,1.559,1.379,1.409
02/10/2024,1.469,1.509,1.439,1.499,1.559,1.379,1.409
03/10/2024,1.474,1.514,1.439,1.519,1.559,1.379,1.409
04/10/2024,1.484,1.524,1.439,1.519,1.559,1.379,1.409
05/10/2024,1.469,1.509,1.439,1.529,1.569,1.379,1.409
06/10/2024,1.469,1.514,1.439,1.529,1.569,1.379,1.409
07/10/2024,1.474,1.514,1.439,1.549,1.569,1.379,1.419
08/10/2024,1.474,1.524,1.439,1.549,1.569,1.379,1.419
09/10/2024,1.469,1.519,1.439,1.559,1.569,1.379,1.419
10/10/2024,1.474,1.524,1.439,1.559,1.569,1.399,1.419
11/10/2024,1.489,1.549,1.439,1.579,1.579,1.399,1.429
12/10/2024,1.469,1.534,1.439,1.579,1.589,1.399,1.429
13/10/2024,1.469,1.529,1.439,1.579,1.589,1.399,1.429
14/10/2024,1.474,1.544,1.439,1.579,1.589,1.399,1.429
15/10/2024,1.474,1.554,1.439,1.579,1.599,1.419,1.429
16/10/2024,1.469,1.554,1.439,1.579,1.599,1.419,1.429
17/10/2024,1.474,1.554,1.439,1.579,1.599,1.399,1.429
18/10/2024,1.479,1.559,1.439,1.579,1.599,1.399,1.429
19/10/2024,1.474,1.544,1.439,1.579,1.589,1.399,1.429
20/10/2024,1.474,1.544,1.439,1.579,1.589,1.399,1.429
21/10/2024,1.474,1.544,1.439,1.579,1.589,1.399,1.429
22/10/2024,1.474,1.534,1.439,1.579,1.579,1.399,1.429
23/10/2024,1.474,1.544,1.439,1.579,1.589,1.399,1.429
24/10/2024,1.474,1.554,1.439,1.579,1.599,1.399,1.429
25/10/2024,1.484,1.564,1.439,1.579,1.599,1.399,1.429
26/10/2024,1.469,1.549,1.439,1.579,1.599,1.399,1.429
27/10/2024,1.469,1.549,1.439,1.579,1.599,1.399,1.429
28/10/2024,1.474,1.554,1.439,1.579,1.599,1.399,1.429
29/10/2024,1.474,1.544,1.439,1.579,1.589,1.399,1.429
30/10/2024,1.484,1.554,1.439,1.579,1.589,1.399,1.429
31/10/2024,1.484,1.554,1.439,1.579,1.589,1.399,1.419
01/11/2024,1.474,1.534,1.439,1.579,1.579,1.399,1.419
02/11/2024,1.474,1.534,1.439,1.579,1.579,1.399,1.419
03/11/2024,1.474,1.534,1.439,1.579,1.579,1.399,1.419
04/11/2024,1.474,1.534,1.439,1.559,1.579,1.399,1.429
05/11/2024,1.474,1.544,1.439,1.539,1.599,1.399,1.429
06/11/2024,1.479,1.549,1.439,1.549,1.589,1.399,1.429
07/11/2024,1.484,1.564,1.439,1.549,1.599,1.399,1.429
08/11/2024,1.474,1.544,1.439,1.569,1.589,1.399,1.429
09/11/2024,1.474,1.534,1.439,1.569,1.579,1.399,1.429
10/11/2024,1.469,1.534,1.439,1.569,1.579,1.399,1.429
11/11/2024,1.474,1.534,1.439,1.569,1.579,1.399,1.429
12/11/2024,1.474,1.524,1.439,1.579,1.569,1.399,1.429
13/11/2024,1.479,1.539,1.439,1.579,1.579,1.399,1.429
14/11/2024,1.479,1.539,1.439,1.579,1.579,1.399,1.429
15/11/2024,1.484,1.544,1.439,1.579,1.579,1.399,1.429
16/11/2024,1.474,1.534,1.439,1.579,1.579,1.399,1.429
17/11/2024,1.474,1.534,1.439,1.579,1.579,1.399,1.429
18/11/2024,1.469,1.534,1.439,1.569,1.579,1.399,1.439
19/11/2024,1.479,1.544,1.439,1.569,1.579,1.419,1.439
20/11/2024,1.469,1.534,1.439,1.569,1.579,1.419,1.439
21/11/2024,1.469,1.549,1.439,1.569,1.589,1.419,1.439
22/11/2024,1.479,1.554,1.439,1.569,1.589,1.415,1.439
23/11/2024,1.479,1.549,1.439,1.579,1.589,1.415,1.439
24/11/2024,1.479,1.549,1.439,1.579,1.589,1.415,1.439
25/11/2024,1.479,1.544,1.439,1.579,1.589,1.415,1.449
26/11/2024,1.469,1.554,1.449,1.579,1.599,1.415,1.449
28/11/2024,1.469,1.559,1.449,1.579,1.599,1.415,1.439
29/11/2024,1.479,1.564,1.449,1.579,1.599,1.415,1.439
30/11/2024,1.469,1.529,1.449,1.579,1.579,1.415,1.439
01/12/2024,1.474,1.534,1.449,1.579,1.579,1.415,1.439
02/12/2024,1.469,1.534,1.449,1.569,1.579,1.415,1.439
03/12/2024,1.469,1.544,1.449,1.559,1.589,1.415,1.439
04/12/2024,1.469,1.544,1.449,1.559,1.589,1.415,1.439
05/12/2024,1.469,1.544,1.449,1.569,1.599,1.415,1.449
06/12/2024,1.469,1.544,1.449,1.569,1.589,1.415,1.449
07/12/2024,1.469,1.544,1.449,1.569,1.589,1.415,1.449
08/12/2024,1.474,1.544,1.449,1.569,1.589,1.415,1.449
09/12/2024,1.469,1.544,1.449,1.569,1.589,1.415,1.449
10/12/2024,1.469,1.544,1.449,1.569,1.589,1.415,1.449
11/12/2024,1.469,1.544,1.449,1.569,1.589,1.415,1.449
12/12/2024,1.469,1.529,1.449,1.569,1.589,1.425,1.449
13/12/2024,1.469,1.534,1.449,1.569,1.599,1.425,1.449
14/12/2024,1.474,1.534,1.449,1.569,1.599,1.425,1.449
15/12/2024,1.474,1.534,1.449,1.569,1.599,1.425,1.449
16/12/2024,1.469,1.534,1.449,1.569,1.599,1.425,1.429
17/12/2024,1.479,1.544,1.449,1.559,1.599,1.425,1.439
18/12/2024,1.469,1.534,1.449,1.569,1.599,1.425,1.439
19/12/2024,1.469,1.539,1.449,1.569,1.599,1.425,1.439
20/12/2024,1.469,1.544,1.459,1.579,1.609,1.425,1.439
21/12/2024,1.469,1.559,1.459,1.579,1.609,1.425,1.439
22/12/2024,1.474,1.564,1.459,1.579,1.609,1.425,1.439
23/12/2024,1.469,1.559,1.459,1.589,1.609,1.425,1.439
24/12/2024,1.469,1.549,1.459,1.589,1.599,1.425,1.439
25/12/2024,1.469,1.549,1.459,1.589,1.599,1.425,1.439
26/12/2024,1.489,1.554,1.459,1.589,1.599,1.445,1.439
27/12/2024,1.489,1.549,1.459,1.589,1.599,1.435,1.439
28/12/2024,1.489,1.549,1.459,1.589,1.609,1.435,1.439
29/12/2024,1.489,1.549,1.459,1.589,1.609,1.435,1.439
30/12/2024,1.489,1.559,1.459,1.589,1.609,1.435,1.439
31/12/2024,1.489,1.559,1.459,1.589,1.609,1.435,1.439
01/01/2025,1.489,1.559,1.459,1.589,1.609,1.435,1.439
02/01/2025,1.489,1.559,1.459,1.589,1.609,1.435,1.439
03/01/2025,1.499,1.579,1.459,1.589,1.619,1.435,1.439
04/01/2025,1.489,1.569,1.459,1.589,1.619,1.445,1.439
05/01/2025,1.489,1.569,1.479,1.589,1.619,1.445,1.439
06/01/2025,1.489,1.569,1.479,1.589,1.619,1.445,1.439
07/01/2025,1.489,1.569,1.479,1.609,1.619,1.445,1.449
08/01/2025,1.509,1.579,1.479,1.609,1.629,1.465,1.449
09/01/2025,1.509,1.579,1.479,1.609,1.629,1.465,1.459
10/01/2025,1.519,1.599,1.479,1.609,1.639,1.465,1.459
11/01/2025,1.509,1.589,1.489,1.609,1.649,1.465,1.459
12/01/2025,1.509,1.589,1.489,1.609,1.649,1.465,1.459
13/01/2025,1.514,1.594,1.489,1.619,1.649,1.465,1.459
14/01/2025,1.514,1.614,1.489,1.629,1.659,1.479,1.479
15/01/2025,1.509,1.609,1.499,1.629,1.659,1.479,1.479
16/01/2025,1.514,1.614,1.499,1.639,1.659,1.489,1.479
17/01/2025,1.524,1.634,1.499,1.639,1.669,1.489,1.489
18/01/2025,1.509,1.624,1.499,1.639,1.669,1.489,1.489
19/01/2025,1.509,1.619,1.499,1.639,1.669,1.489,1.489
20/01/2025,1.514,1.624,1.499,1.659,1.669,1.489,1.489
21/01/2025,1.514,1.624,1.509,1.599,1.669,1.499,1.489
22/01/2025,1.509,1.619,1.509,1.619,1.669,1.499,1.489
23/01/2025,1.514,1.634,1.509,1.629,1.679,1.489,1.489
24/01/2025,1.519,1.639,1.509,1.629,1.679,1.477,1.479
25/01/2025,1.514,1.624,1.509,1.629,1.669,1.477,1.479
26/01/2025,1.514,1.624,1.509,1.629,1.669,1.477,1.479
27/01/2025,1.514,1.624,1.509,1.629,1.669,1.477,1.477
28/01/2025,1.514,1.624,1.509,1.629,1.669,1.477,1.477
29/01/2025,1.509,1.619,1.509,1.629,1.669,1.477,1.467
30/01/2025,1.514,1.624,1.509,1.629,1.669,1.467,1.467
31/01/2025,1.509,1.619,1.509,1.609,1.669,1.467,1.467
01/02/2025,1.514,1.624,1.509,1.609,1.669,1.467,1.467
02/02/2025,1.514,1.624,1.509,1.609,1.669,1.467,1.467
03/02/2025,1.509,1.619,1.509,1.609,1.669,1.465,1.467
04/02/2025,1.509,1.619,1.509,1.599,1.669,1.465,1.469
05/02/2025,1.509,1.619,1.509,1.599,1.669,1.459,1.459
06/02/2025,1.514,1.624,1.509,1.599,1.669,1.459,1.459
07/02/2025,1.519,1.629,1.509,1.599,1.669,1.455,1.459
08/02/2025,1.509,1.614,1.509,1.599,1.659,1.455,1.459
09/02/2025,1.509,1.609,1.509,1.599,1.659,1.455,1.459
10/02/2025,1.514,1.614,1.509,1.599,1.659,1.455,1.469
11/02/2025,1.514,1.614,1.509,1.609,1.659,1.455,1.469
12/02/2025,1.509,1.609,1.509,1.609,1.669,1.455,1.469
13/02/2025,1.514,1.624,1.509,1.609,1.669,1.455,1.469
14/02/2025,1.519,1.629,1.509,1.609,1.669,1.455,1.469
15/02/2025,1.514,1.624,1.509,1.609,1.669,1.455,1.469
16/02/2025,1.514,1.624,1.509,1.609,1.669,1.455,1.469
17/02/2025,1.534,1.624,1.509,1.609,1.669,1.455,1.469
18/02/2025,1.534,1.624,1.509,1.609,1.669,1.455,1.469
19/02/2025,1.559,1.619,1.509,1.589,1.659,1.455,1.459
20/02/2025,1.564,1.614,1.509,1.609,1.659,1.455,1.459
21/02/2025,1.569,1.619,1.509,1.609,1.659,1.455,1.459
22/02/2025,1.564,1.614,1.509,1.609,1.669,1.455,1.459
23/02/2025,1.564,1.614,1.509,1.609,1.669,1.455,1.459
24/02/2025,1.564,1.624,1.509,1.609,1.669,1.455,1.459
25/02/2025,1.564,1.614,1.509,1.609,1.659,1.455,1.459
26/02/2025,1.559,1.609,1.509,1.599,1.659,1.455,1.459
27/02/2025,1.554,1.594,1.509,1.599,1.639,1.455,1.459
28/02/2025,1.559,1.599,1.509,1.599,1.639,1.455,1.459
01/03/2025,1.554,1.594,1.509,1.599,1.639,1.455,1.459
02/03/2025,1.554,1.594,1.509,1.599,1.639,1.455,1.459
03/03/2025,1.554,1.594,1.509,1.599,1.639,1.455,1.459
04/03/2025,1.554,1.584,1.509,1.599,1.639,1.455,1.459
05/03/2025,1.549,1.579,1.509,1.599,1.619,1.454,1.454
06/03/2025,1.554,1.574,1.509,1.599,1.619,1.447,1.454
07/03/2025,1.554,1.574,1.509,1.599,1.619,1.447,1.447
08/03/2025,1.544,1.564,1.489,1.599,1.609,1.447,1.447
09/03/2025,1.539,1.559,1.489,1.599,1.609,1.447,1.447
10/03/2025,1.534,1.564,1.489,1.579,1.609,1.447,1.447
11/03/2025,1.534,1.554,1.489,1.579,1.609,1.447,1.447
12/03/2025,1.529,1.549,1.489,1.579,1.609,1.447,1.447
13/03/2025,1.504,1.544,1.469,1.549,1.599,1.444,1.444
14/03/2025,1.514,1.544,1.469,1.559,1.609,1.439,1.439
15/03/2025,1.514,1.544,1.469,1.559,1.609,1.439,1.439
16/03/2025,1.514,1.544,1.469,1.559,1.609,1.439,1.439
17/03/2025,1.514,1.544,1.469,1.559,1.609,1.439,1.439
18/03/2025,1.514,1.534,1.469,1.559,1.609,1.439,1.439
19/03/2025,1.509,1.529,1.469,1.559,1.599,1.439,1.439
20/03/2025,1.514,1.534,1.469,1.559,1.599,1.439,1.439
21/03/2025,1.514,1.529,1.469,1.569,1.599,1.439,1.439
22/03/2025,1.514,1.529,1.469,1.569,1.599,1.439,1.439
23/03/2025,1.514,1.529,1.469,1.569,1.599,1.439,1.439
